VendorCode,Name,NmID,SubjectName,BrandName,SizeName,ChrtID,OfficeName,17.07.2026,18.07.2026,19.07.2026,20.07.2026,21.07.2026,22.07.2026,23.07.2026,24.07.2026,25.07.2026,26.07.2026
WK20AW60179,Детский костюм для мальчиков,15382008,Костюмы,Wonder Kids,8/9 Лет,44757953,Коледино,0,0,0,0,0,0,0,0,0,0
WK20AW6032,Детский костюм для мальчиков,15382010,Костюмы,,6/7 лет,44757963,Казань,1,1,1,1,1,1,1,1,1,1
M3367_131175645,Базовый свитшот оверсайз утепленный,131175645,Свитшоты,MACHINIST,L,226473380,Коледино,1,1,1,1,1,1,1,1,0,0
M3367_131175645,Базовый свитшот оверсайз утепленный,131175645,Свитшоты,MACHINIST,L,226473380,Краснодар,0,0,0,0,0,1,1,1,1,1
M3367_131175645,Базовый свитшот оверсайз утепленный,131175645,Свитшоты,MACHINIST,M,226473381,Краснодар,1,1,1,1,1,1,1,1,1,1
M3367_131175645,Базовый свитшот оверсайз утепленный,131175645,Свитшоты,MACHINIST,M,226473381,Рязань (Тюшевское),1,1,1,1,1,1,1,1,1,1
M3367_131175645,Базовый свитшот оверсайз утепленный,131175645,Свитшоты,MACHINIST,M,226473381,Тула,1,1,1,1,1,1,1,1,1,1
M3367_131175645,Базовый свитшот оверсайз утепленный,131175645,Свитшоты,MACHINIST,M,226473381,Электросталь,1,0,0,0,1,1,1,1,1,1
M3367_131175645,Базовый свитшот оверсайз утепленный,131175645,Свитшоты,MACHINIST,XL,226473383,Коледино,2,2,2,2,2,2,2,1,1,1
M3367_131175645,Базовый свитшот оверсайз утепленный,131175645,Свитшоты,MACHINIST,XL,226473383,Невинномысск,0,0,0,0,0,1,1,1,1,1
M3367 1007,Базовый свитшот оверсайз утепленный,131176543,Свитшоты,MACHINIST,S,226474500,Астана Карагандинское шоссе,1,1,1,1,1,1,1,1,1,1
PNT4157 1009,Утепленные штаны джоггеры спортивные,139368642,Брюки,MACHINIST,M,236606701,Екатеринбург - Перспективная 14,0,0,0,1,1,1,1,1,1,1
PNT4157 1009,Утепленные штаны джоггеры спортивные,139368642,Брюки,MACHINIST,M,236606701,Краснодар,1,1,1,1,1,1,1,1,1,1
PNT4157 1416,Утепленные штаны джоггеры спортивные,139368643,Брюки,MACHINIST,M,236606705,Казань,2,2,2,2,2,2,2,2,2,2
PNT4157 1416,Утепленные штаны джоггеры спортивные,139368643,Брюки,MACHINIST,M,236606705,Коледино,4,4,4,4,4,4,4,4,4,4
PNT4157 1416,Утепленные штаны джоггеры спортивные,139368643,Брюки,MACHINIST,M,236606705,Краснодар,1,1,1,1,1,1,1,1,1,1
PNT4157 1416,Утепленные штаны джоггеры спортивные,139368643,Брюки,MACHINIST,M,236606705,Тула,2,2,2,2,2,2,2,2,2,2
M3369 1416,Толстовка regular fit однотонная утепленная,143324408,Толстовки,MACHINIST,S,242076830,Тула,1,1,1,1,1,1,1,1,1,1
M3369 1416,Толстовка regular fit однотонная утепленная,143324408,Толстовки,MACHINIST,M,242076831,Казань,1,1,1,1,1,1,1,1,1,1
M3369 1416,Толстовка regular fit однотонная утепленная,143324408,Толстовки,MACHINIST,M,242076831,Тула,1,1,1,1,1,1,1,1,1,1
M3368 1030,Оверсайз толстовка с капюшоном утепленная,143324827,Толстовки,MACHINIST,S,242077457,Владимир WB,1,1,1,1,1,1,1,1,1,1
M3368 1030,Оверсайз толстовка с капюшоном утепленная,143324827,Толстовки,MACHINIST,S,242077457,Краснодар,1,1,1,1,1,1,1,1,1,1
M3368 1030,Оверсайз толстовка с капюшоном утепленная,143324827,Толстовки,MACHINIST,S,242077457,Электросталь,1,0,0,0,1,1,1,1,1,1
M3368 1030,Оверсайз толстовка с капюшоном утепленная,143324827,Толстовки,MACHINIST,M,242077458,Коледино,3,3,3,3,3,3,3,3,3,3
M3368 1030,Оверсайз толстовка с капюшоном утепленная,143324827,Толстовки,MACHINIST,M,242077458,Краснодар,1,1,1,1,1,1,1,1,1,1
M3368 1030,Оверсайз толстовка с капюшоном утепленная,143324827,Толстовки,MACHINIST,M,242077458,Новосемейкино,1,1,1,1,1,1,1,1,1,1
M3368 1030,Оверсайз толстовка с капюшоном утепленная,143324827,Толстовки,MACHINIST,M,242077458,Электросталь,0,0,0,0,2,2,2,2,2,2
M3368 1030,Оверсайз толстовка с капюшоном утепленная,143324827,Толстовки,MACHINIST,L,242077459,Екатеринбург - Перспективная 14,1,1,1,1,1,1,1,1,1,1
M3368 1030,Оверсайз толстовка с капюшоном утепленная,143324827,Толстовки,MACHINIST,XL,242077460,Склад СПБ Шушары Московское,1,1,1,1,1,1,1,1,1,1
M18031227,Футболка оверсайз брендовая с принтом,145963854,Футболки,MACHINIST,XL,245822012,Остальные,0,0,0,0,0,0,0,0,0,0
M18231446,Футболка оверсайз брендовая с принтом,154515770,Футболки,MACHINIST,M,258043132,Остальные,0,0,0,0,0,0,0,0,0,0
PNT41861441,Широкие джоггеры штаны с карманами,154628921,Брюки,MACHINIST,S,258207571,Остальные,0,0,0,0,0,0,0,0,0,0
M18001435,Футболка брендовая с принтом оверсайз,155611749,Футболки,MACHINIST,XL,259729071,Артём,0,0,0,0,0,0,0,0,0,0
M15883 1484,Джинсы,155831070,Джинсы,MACHINIST,29,260049552,Остальные,0,0,0,0,0,0,0,0,0,0
W-603,Трусы боксеры турецкие 3 шт,169463326,Трусы,WOOSTERBOXER,M,281561715,Казань,5,5,5,5,5,5,5,5,5,5
W-603,Трусы боксеры турецкие 3 шт,169463326,Трусы,WOOSTERBOXER,M,281561715,Электросталь,1,0,0,0,1,1,1,1,1,1
W-603,Трусы боксеры турецкие 3 шт,169463326,Трусы,WOOSTERBOXER,L,281561716,Казань,2,2,2,2,2,2,2,2,2,2
W-603,Трусы боксеры турецкие 3 шт,169463326,Трусы,WOOSTERBOXER,L,281561716,Тула,1,1,1,1,1,1,1,1,1,1
W-632,Трусы боксеры турецкие 3 шт,170054357,Трусы,WOOSTERBOXER,M,282446757,Казань,10,10,10,10,10,10,10,10,10,10
W-632,Трусы боксеры турецкие 3 шт,170054357,Трусы,WOOSTERBOXER,L,282446758,Казань,7,7,7,7,7,7,7,7,7,7
W-632,Трусы боксеры турецкие 3 шт,170054357,Трусы,WOOSTERBOXER,XL,282446759,Екатеринбург - Перспективная 14,1,1,1,1,1,1,1,1,1,1
W-632,Трусы боксеры турецкие 3 шт,170054357,Трусы,WOOSTERBOXER,XL,282446759,Краснодар,1,1,1,1,1,1,1,1,1,1
W-634,Трусы боксеры турецкие 3 шт,170054359,Трусы,WOOSTERBOXER,M,282446767,Екатеринбург - Перспективная 14,0,0,0,1,1,1,1,1,1,1
W-634,Трусы боксеры турецкие 3 шт,170054359,Трусы,WOOSTERBOXER,M,282446767,Казань,4,4,4,4,4,4,4,4,4,4
W-634,Трусы боксеры турецкие 3 шт,170054359,Трусы,WOOSTERBOXER,XL,282446769,Казань,1,1,1,1,1,2,2,2,2,2
W-634,Трусы боксеры турецкие 3 шт,170054359,Трусы,WOOSTERBOXER,XL,282446769,Краснодар,1,1,1,1,1,1,1,1,1,1
W-634,Трусы боксеры турецкие 3 шт,170054359,Трусы,WOOSTERBOXER,XL,282446769,Склад СПБ Шушары Московское,1,1,1,1,1,1,1,1,1,1
W-700,Трусы боксеры турецкие 3 шт,170054361,Трусы,WOOSTERBOXER,L,282446774,Владивосток WB,1,1,1,1,1,1,1,1,1,1
W-700,Трусы боксеры турецкие 3 шт,170054361,Трусы,WOOSTERBOXER,L,282446774,Казань,3,3,3,3,3,3,3,3,3,3
W-700,Трусы боксеры турецкие 3 шт,170054361,Трусы,WOOSTERBOXER,L,282446774,Краснодар,0,0,0,0,0,0,0,0,0,0
M3368 1442,Оверсайз толстовка с капюшоном утепленная,172745042,Толстовки,MACHINIST,M,286560841,Коледино,1,1,1,1,1,1,1,1,1,1
M3368 1416,Оверсайз толстовка с капюшоном утепленная,172745043,Толстовки,MACHINIST,S,286560844,Краснодар,1,1,1,1,1,1,1,1,1,1
M3368 1416,Оверсайз толстовка с капюшоном утепленная,172745043,Толстовки,MACHINIST,S,286560844,Тула,2,2,2,2,2,2,2,2,2,2
M3368 1416,Оверсайз толстовка с капюшоном утепленная,172745043,Толстовки,MACHINIST,M,286560845,Казань,1,1,1,1,1,1,1,1,1,1
M3368 1416,Оверсайз толстовка с капюшоном утепленная,172745043,Толстовки,MACHINIST,M,286560845,Коледино,1,1,1,1,1,1,1,1,1,1
M3368 1416,Оверсайз толстовка с капюшоном утепленная,172745043,Толстовки,MACHINIST,M,286560845,Тула,3,3,3,3,3,3,3,3,3,3
M3368 1416,Оверсайз толстовка с капюшоном утепленная,172745043,Толстовки,MACHINIST,M,286560845,Электросталь,1,0,0,0,1,1,1,1,1,1
M3368 1436,Оверсайз толстовка с капюшоном утепленная,172745044,Толстовки,MACHINIST,S,286560848,Коледино,1,1,1,1,1,1,1,1,1,1
M3368 1436,Оверсайз толстовка с капюшоном утепленная,172745044,Толстовки,MACHINIST,S,286560848,Краснодар,1,1,1,1,1,1,1,1,1,1
M3368 1415,Оверсайз толстовка с капюшоном утепленная,172745046,Толстовки,MACHINIST,M,286560857,Коледино,3,3,3,3,3,3,3,3,3,3
M3368 1415,Оверсайз толстовка с капюшоном утепленная,172745046,Толстовки,MACHINIST,M,286560857,Тула,2,2,2,2,2,2,2,2,2,2
M3367 1415,Базовый свитшот оверсайз утепленный,173170963,Свитшоты,MACHINIST,S,287248730,Коледино,0,0,0,0,1,1,1,1,1,1
M3367 1415,Базовый свитшот оверсайз утепленный,173170963,Свитшоты,MACHINIST,M,287248731,Краснодар,1,1,1,1,1,1,1,1,1,1
M3367 1416,Базовый свитшот оверсайз утепленный,173170971,Свитшоты,MACHINIST,M,287248760,Коледино,0,0,0,0,0,0,0,0,0,0
M3367 1537,Базовый свитшот оверсайз утепленный,173170975,Свитшоты,MACHINIST,M,287248770,Краснодар,1,1,1,1,1,1,1,1,1,1
PNT4157 1415,Утепленные штаны джоггеры спортивные,173192726,Брюки,MACHINIST,S,287283444,Казань,1,1,1,1,1,1,1,1,1,1
PNT4157 1415,Утепленные штаны джоггеры спортивные,173192726,Брюки,MACHINIST,S,287283444,Коледино,1,1,1,1,1,1,1,1,1,1
PNT4157 1415,Утепленные штаны джоггеры спортивные,173192726,Брюки,MACHINIST,S,287283444,Тула,1,1,1,1,1,1,1,1,1,1
PNT4157 1415,Утепленные штаны джоггеры спортивные,173192726,Брюки,MACHINIST,S,287283444,Электросталь,2,0,0,0,2,2,2,2,2,2
PNT4157 1415,Утепленные штаны джоггеры спортивные,173192726,Брюки,MACHINIST,M,287283445,Екатеринбург - Перспективная 14,1,1,1,1,1,1,1,1,1,1
PNT4157 1415,Утепленные штаны джоггеры спортивные,173192726,Брюки,MACHINIST,M,287283445,Коледино,1,1,1,1,1,1,1,0,0,0
PNT4157 1415,Утепленные штаны джоггеры спортивные,173192726,Брюки,MACHINIST,M,287283445,Остальные,0,0,0,0,0,0,0,0,0,0
PNT4157 1415,Утепленные штаны джоггеры спортивные,173192726,Брюки,MACHINIST,M,287283445,Тула,1,1,1,1,1,1,1,1,1,1
PNT4157 1415,Утепленные штаны джоггеры спортивные,173192726,Брюки,MACHINIST,M,287283445,Электросталь,4,0,0,0,4,4,4,4,4,4
PNT4157 1436,Утепленные штаны джоггеры спортивные,173192731,Брюки,MACHINIST,S,287283466,Тула,1,1,1,1,1,1,1,1,1,1
M3464 1231,Худи с принтом оверсайз утепленное,180153778,Толстовки,MACHINIST,S,297815498,Тула,2,2,2,2,2,2,2,2,2,2
M3464 1231,Худи с принтом оверсайз утепленное,180153778,Толстовки,MACHINIST,M,297815499,Казань,1,1,1,1,1,1,1,1,1,1
M3464 1231,Худи с принтом оверсайз утепленное,180153778,Толстовки,MACHINIST,M,297815499,Остальные,0,0,0,0,0,0,0,0,0,0
M3464 1231,Худи с принтом оверсайз утепленное,180153778,Толстовки,MACHINIST,M,297815499,Электросталь,5,0,0,0,5,5,5,5,5,5
M3464 1231,Худи с принтом оверсайз утепленное,180153778,Толстовки,MACHINIST,L,297815500,Новосемейкино,1,1,1,1,1,1,1,1,1,1
M3464 1231,Худи с принтом оверсайз утепленное,180153778,Толстовки,MACHINIST,L,297815500,Электросталь,2,0,0,0,2,2,2,2,2,2
M3464 1446,Худи с принтом оверсайз утепленное,180155094,Толстовки,MACHINIST,M,297817525,Коледино,1,1,1,1,1,1,1,1,1,1
M3464 1446,Худи с принтом оверсайз утепленное,180155094,Толстовки,MACHINIST,M,297817525,Электросталь,3,0,0,0,3,3,3,3,3,3
M3464 1446,Худи с принтом оверсайз утепленное,180155094,Толстовки,MACHINIST,S,297817526,Коледино,1,1,1,1,1,1,1,1,1,1
M3478 1226,Худи с принтом оверсайз утепленное Muhammad Ali,180162746,Толстовки,MACHINIST,S,297830488,Радумля 1,0,0,0,0,0,0,0,0,0,0
M3478 1231,Худи с принтом оверсайз утепленное,180163034,Толстовки,MACHINIST,M,297830907,Невинномысск,1,1,1,1,1,1,1,1,1,1
PNT4184 1465,Штаны джоггеры спортивные,196060983,Брюки,Machinist,S,318350925,Коледино,1,1,1,1,1,1,1,1,1,1
5625019-BL,Свитшот оверсайз утепленный,263166486,Свитшоты,Respire,L,408636968,Тула,1,1,1,1,1,1,1,1,1,1
5625006-BL,Свитшот оверсайз утепленный,263166498,Свитшоты,Respire,S,408636993,Коледино,5,5,5,5,5,5,5,5,5,5
5625006-BL,Свитшот оверсайз утепленный,263166498,Свитшоты,Respire,M,408636994,Екатеринбург - Перспективная 14,1,1,1,1,1,1,1,1,1,1
5625006-BL,Свитшот оверсайз утепленный,263166498,Свитшоты,Respire,M,408636994,Коледино,5,5,5,5,5,5,5,5,5,5
5625006-BL,Свитшот оверсайз утепленный,263166498,Свитшоты,Respire,L,408636995,Коледино,3,3,3,3,3,3,3,3,3,3
5625006-BL,Свитшот оверсайз утепленный,263166498,Свитшоты,Respire,XL,408636996,Коледино,5,5,5,5,5,5,5,5,5,5
5625006-CR,Свитшот оверсайз утепленный,263166499,Свитшоты,Respire,S,408636997,Коледино,4,4,4,4,4,4,4,4,4,4
5625006-CR,Свитшот оверсайз утепленный,263166499,Свитшоты,Respire,M,408636998,Коледино,1,1,1,1,1,1,1,1,1,1
5625006-CR,Свитшот оверсайз утепленный,263166499,Свитшоты,Respire,M,408636998,Тула,1,1,1,1,1,1,1,1,1,1
5625006-CR,Свитшот оверсайз утепленный,263166499,Свитшоты,Respire,L,408636999,Коледино,4,4,4,4,4,4,4,4,4,4
5625006-CR,Свитшот оверсайз утепленный,263166499,Свитшоты,Respire,XL,408637000,Коледино,3,3,3,3,3,3,3,2,2,2
5625006-CR,Свитшот оверсайз утепленный,263166499,Свитшоты,Respire,XL,408637000,Челябинск,0,0,0,0,0,0,0,0,0,0
5625006-BG,Свитшот оверсайз утепленный,263166500,Свитшоты,Respire,S,408637001,Коледино,2,2,2,2,2,2,2,2,2,2
5625006-BG,Свитшот оверсайз утепленный,263166500,Свитшоты,Respire,M,408637002,Коледино,2,2,2,2,2,2,2,2,2,2
5625006-BG,Свитшот оверсайз утепленный,263166500,Свитшоты,Respire,L,408637003,Казань,1,1,1,1,1,1,1,1,1,1
5625006-BG,Свитшот оверсайз утепленный,263166500,Свитшоты,Respire,XL,408637004,Коледино,1,1,1,1,1,1,1,1,1,1
5625006-BG,Свитшот оверсайз утепленный,263166500,Свитшоты,Respire,XL,408637004,Электросталь,1,0,0,0,1,1,1,1,1,1
5625006-DG,Свитшот оверсайз утепленный,263166501,Свитшоты,Respire,S,408637005,Екатеринбург - Перспективная 14,1,1,1,1,1,1,1,1,1,1
5625006-DG,Свитшот оверсайз утепленный,263166501,Свитшоты,Respire,S,408637005,Коледино,1,1,1,1,1,1,1,1,1,1
5625006-DG,Свитшот оверсайз утепленный,263166501,Свитшоты,Respire,M,408637006,Коледино,1,1,1,1,1,1,1,1,1,1
5625006-DG,Свитшот оверсайз утепленный,263166501,Свитшоты,Respire,L,408637007,Казань,1,1,1,1,1,1,1,1,1,1
5625006-DG,Свитшот оверсайз утепленный,263166501,Свитшоты,Respire,XL,408637008,Коледино,1,1,1,1,1,1,1,1,1,1
5625009-BL,Свитшот оверсайз утепленный,263166503,Свитшоты,Respire,L,408637012,Екатеринбург - Перспективная 14,1,1,1,1,1,1,1,1,1,1
5625009-BL,Свитшот оверсайз утепленный,263166503,Свитшоты,Respire,L,408637012,Электросталь,1,0,0,0,1,1,1,1,1,1
5625009-CR,Свитшот оверсайз утепленный,263166504,Свитшоты,Respire,M,408637015,Коледино,1,1,1,1,1,1,1,1,1,1
5625053-CR,Свитшот оверсайз утепленный,263166510,Свитшоты,Respire,XL,408637038,Пермь 2,0,0,0,0,0,0,0,0,0,0
5624017-BL,Свитшот оверсайз утепленный,263166512,Свитшоты,Respire,S,408637040,Коледино,3,3,3,3,3,3,3,3,3,3
5624017-BL,Свитшот оверсайз утепленный,263166512,Свитшоты,Respire,S,408637040,Тула,1,1,1,1,1,1,1,1,1,1
5624017-BL,Свитшот оверсайз утепленный,263166512,Свитшоты,Respire,M,408637041,Воронеж WB,1,1,1,1,1,1,1,1,1,1
5624017-BL,Свитшот оверсайз утепленный,263166512,Свитшоты,Respire,M,408637041,Казань,1,1,1,1,1,1,1,1,1,1
5624017-BL,Свитшот оверсайз утепленный,263166512,Свитшоты,Respire,M,408637041,Коледино,4,4,4,4,4,4,4,4,4,4
5624017-BL,Свитшот оверсайз утепленный,263166512,Свитшоты,Respire,L,408637042,Коледино,2,2,2,2,2,2,2,2,2,2
5624017-BL,Свитшот оверсайз утепленный,263166512,Свитшоты,Respire,XL,408637043,Владимир WB,1,1,1,1,1,1,1,1,1,1
5624017-BL,Свитшот оверсайз утепленный,263166512,Свитшоты,Respire,XL,408637043,Коледино,1,1,1,1,1,1,1,1,1,1
5624017-CR,Свитшот оверсайз утепленный,263166513,Свитшоты,Respire,S,408637044,Котовск,0,0,0,0,0,0,1,1,1,1
5624017-CR,Свитшот оверсайз утепленный,263166513,Свитшоты,Respire,S,408637044,Сарапул WB,1,1,1,1,1,1,1,1,1,1
5624017-CR,Свитшот оверсайз утепленный,263166513,Свитшоты,Respire,M,408637045,Коледино,8,8,8,8,8,8,8,8,8,8
5624017-CR,Свитшот оверсайз утепленный,263166513,Свитшоты,Respire,M,408637045,Электросталь,1,0,0,0,1,1,1,1,1,1
5624017-CR,Свитшот оверсайз утепленный,263166513,Свитшоты,Respire,L,408637046,Коледино,2,2,2,2,2,2,2,2,2,2
5624017-CR,Свитшот оверсайз утепленный,263166513,Свитшоты,Respire,L,408637046,Краснодар,1,1,1,1,1,1,1,1,1,1
5624017-CR,Свитшот оверсайз утепленный,263166513,Свитшоты,Respire,XL,408637047,Коледино,2,2,2,2,2,2,2,2,1,1
5624017-BG,Свитшот оверсайз утепленный,263166514,Свитшоты,Respire,S,408637048,Коледино,2,2,2,2,2,2,2,2,2,2
5624017-BG,Свитшот оверсайз утепленный,263166514,Свитшоты,Respire,S,408637048,Тула,1,1,1,1,1,1,1,1,1,1
5624017-BG,Свитшот оверсайз утепленный,263166514,Свитшоты,Respire,M,408637049,Казань,1,1,1,1,1,1,1,1,1,1
5624017-BG,Свитшот оверсайз утепленный,263166514,Свитшоты,Respire,M,408637049,Коледино,4,4,4,4,4,4,4,4,4,4
5624017-BG,Свитшот оверсайз утепленный,263166514,Свитшоты,Respire,M,408637049,Тула,1,1,1,1,1,1,1,1,1,1
5624017-BG,Свитшот оверсайз утепленный,263166514,Свитшоты,Respire,L,408637050,Воронеж WB,1,1,1,1,1,1,1,1,1,1
5624017-BG,Свитшот оверсайз утепленный,263166514,Свитшоты,Respire,L,408637050,Казань,1,1,1,1,1,1,1,1,1,1
5624017-BG,Свитшот оверсайз утепленный,263166514,Свитшоты,Respire,L,408637050,Коледино,1,1,1,1,1,1,1,1,1,1
5624017-BG,Свитшот оверсайз утепленный,263166514,Свитшоты,Respire,XL,408637051,Коледино,1,1,1,1,1,1,1,1,1,1
5624017-BG,Свитшот оверсайз утепленный,263166514,Свитшоты,Respire,XL,408637051,Тула,1,1,1,1,1,1,1,1,1,1
5624017-GR,Свитшот оверсайз утепленный,263166515,Свитшоты,Respire,M,408637053,Владимир WB,1,1,1,1,1,1,1,1,1,1
5624017-GR,Свитшот оверсайз утепленный,263166515,Свитшоты,Respire,M,408637053,Коледино,5,5,5,5,5,5,5,5,5,5
5624017-GR,Свитшот оверсайз утепленный,263166515,Свитшоты,Respire,L,408637054,Владимир WB,1,1,1,1,1,1,1,1,1,1
5624017-GR,Свитшот оверсайз утепленный,263166515,Свитшоты,Respire,XL,408637055,Невинномысск,1,1,1,1,1,1,1,1,1,1
5624017-DG,Свитшот оверсайз утепленный,263166516,Свитшоты,Respire,S,408637056,Екатеринбург - Перспективная 14,1,1,1,1,1,1,1,1,1,1
5624017-DG,Свитшот оверсайз утепленный,263166516,Свитшоты,Respire,S,408637056,Тула,2,2,2,2,2,2,2,2,2,2
5624017-DG,Свитшот оверсайз утепленный,263166516,Свитшоты,Respire,M,408637057,Коледино,2,2,2,2,2,2,2,2,2,2
5624017-DG,Свитшот оверсайз утепленный,263166516,Свитшоты,Respire,XL,408637059,Новосемейкино,1,1,1,1,1,1,1,1,1,1
5624017-BLU,Свитшот оверсайз утепленный,263166517,Свитшоты,Respire,M,408637061,Владимир WB,1,1,1,1,1,1,1,1,1,1
5624017-BLU,Свитшот оверсайз утепленный,263166517,Свитшоты,Respire,M,408637061,Воронеж WB,1,1,1,1,1,1,1,1,1,1
5624017-BLU,Свитшот оверсайз утепленный,263166517,Свитшоты,Respire,M,408637061,Коледино,2,2,2,2,2,2,2,2,2,2
5624017-BLU,Свитшот оверсайз утепленный,263166517,Свитшоты,Respire,M,408637061,Краснодар,1,1,1,1,1,1,1,1,1,1
5625002-DG,Свитшот оверсайз,263166523,Свитшоты,Respire,XL,408637084,Владивосток WB,1,1,1,0,0,0,0,0,0,0
5625002-DG,Свитшот оверсайз,263166523,Свитшоты,Respire,XL,408637084,Воронеж WB,0,0,0,0,0,1,1,1,1,1
5625002-DG,Свитшот оверсайз,263166523,Свитшоты,Respire,XL,408637084,СЦ Хабаровск,0,0,0,0,0,0,0,0,0,0
5625029-BL,Толстовка с капюшоном утепленная,263173320,Толстовки,Respire,M,408646224,Склад СПБ Шушары Московское,1,1,1,1,1,1,1,1,1,1
5625029-BL,Толстовка с капюшоном утепленная,263173320,Толстовки,Respire,M,408646224,Электросталь,1,0,0,0,1,1,1,1,1,1
5625029-CR,Толстовка с капюшоном утепленная,263173321,Толстовки,Respire,S,408646227,Коледино,3,3,3,3,3,3,3,3,3,3
5625029-CR,Толстовка с капюшоном утепленная,263173321,Толстовки,Respire,S,408646227,Новосемейкино,1,1,1,1,1,1,1,1,1,1
5625029-CR,Толстовка с капюшоном утепленная,263173321,Толстовки,Respire,M,408646228,Екатеринбург - Перспективная 14,1,1,1,1,1,1,1,1,1,1
5625029-CR,Толстовка с капюшоном утепленная,263173321,Толстовки,Respire,M,408646228,Электросталь,1,0,0,0,1,1,1,1,1,1
5625029-CR,Толстовка с капюшоном утепленная,263173321,Толстовки,Respire,L,408646229,Владимир WB,1,1,1,1,1,1,1,1,1,1
5625029-CR,Толстовка с капюшоном утепленная,263173321,Толстовки,Respire,XL,408646230,Остальные,0,0,0,0,0,0,0,0,0,0
5625029-CR,Толстовка с капюшоном утепленная,263173321,Толстовки,Respire,XL,408646230,Склад СПБ Шушары Московское,1,1,0,0,0,0,0,0,0,0
5625029-CR,Толстовка с капюшоном утепленная,263173321,Толстовки,Respire,XL,408646230,Электросталь,1,0,0,0,1,1,1,1,1,1
5625029-GR,Толстовка с капюшоном утепленная,263173322,Толстовки,Respire,S,408646231,Тула,0,0,0,0,0,0,0,0,1,1
5625029-GR,Толстовка с капюшоном утепленная,263173322,Толстовки,Respire,M,408646232,Волгоград,1,1,1,1,1,1,1,1,1,1
5625029-GR,Толстовка с капюшоном утепленная,263173322,Толстовки,Respire,L,408646233,Склад СПБ Шушары Московское,1,1,1,1,1,1,1,1,1,1
5625007-BL,Толстовка с капюшоном утепленная,263173323,Толстовки,Respire,M,408646236,Владимир WB,1,1,1,1,1,1,1,1,1,1
5625007-BL,Толстовка с капюшоном утепленная,263173323,Толстовки,Respire,L,408646237,Склад СПБ Шушары Московское,0,0,0,0,0,0,0,0,0,0
5625011-CR,Толстовка с капюшоном утепленная,263173326,Толстовки,Respire,S,408646247,Атакент,1,1,1,1,1,1,1,1,1,1
5625011-CR,Толстовка с капюшоном утепленная,263173326,Толстовки,Respire,S,408646247,Краснодар,1,1,1,1,1,1,1,1,1,1
5625011-CR,Толстовка с капюшоном утепленная,263173326,Толстовки,Respire,S,408646247,Тула,1,1,1,1,1,1,1,1,1,1
5625011-CR,Толстовка с капюшоном утепленная,263173326,Толстовки,Respire,S,408646247,Электросталь,1,0,0,0,1,1,1,1,1,1
5625020-BL,Свитшот с принтом утепленный оверсайз,263173328,Свитшоты,Respire,S,408646255,Владимир WB,1,1,1,1,1,1,1,1,1,1
5625020-CR,Свитшот с принтом утепленный оверсайз,263173329,Свитшоты,Respire,M,408646260,Тула,0,0,0,0,0,0,0,0,0,0
5624016-BL,Толстовка с капюшоном утепленная,263173340,Толстовки,Respire,S,408646291,Коледино,12,12,12,12,12,12,12,12,12,12
5624016-BL,Толстовка с капюшоном утепленная,263173340,Толстовки,Respire,M,408646292,Екатеринбург - Перспективная 14,1,1,1,1,1,1,1,1,1,1
5624016-BL,Толстовка с капюшоном утепленная,263173340,Толстовки,Respire,M,408646292,Коледино,23,23,23,23,23,23,23,23,23,23
5624016-BL,Толстовка с капюшоном утепленная,263173340,Толстовки,Respire,M,408646292,Краснодар,1,1,1,1,1,1,1,1,1,1
5624016-BL,Толстовка с капюшоном утепленная,263173340,Толстовки,Respire,L,408646293,Коледино,7,7,7,7,7,7,7,7,7,7
5624016-BL,Толстовка с капюшоном утепленная,263173340,Толстовки,Respire,L,408646293,Тула,1,1,1,1,1,1,1,1,1,1
5624016-BL,Толстовка с капюшоном утепленная,263173340,Толстовки,Respire,XL,408646294,Екатеринбург - Перспективная 14,1,1,1,1,1,1,1,1,1,1
5624016-BL,Толстовка с капюшоном утепленная,263173340,Толстовки,Respire,XL,408646294,Невинномысск,1,1,1,1,1,1,1,1,1,1
5624016-BL,Толстовка с капюшоном утепленная,263173340,Толстовки,Respire,XL,408646294,Склад СПБ Шушары Московское,1,1,1,1,1,1,1,1,1,1
5624016-CR,Толстовка с капюшоном утепленная,263173341,Толстовки,Respire,S,408646295,Краснодар,1,1,1,1,1,1,1,1,1,1
5624016-CR,Толстовка с капюшоном утепленная,263173341,Толстовки,Respire,S,408646295,Новосемейкино,0,0,0,0,1,1,1,1,1,1
5624016-CR,Толстовка с капюшоном утепленная,263173341,Толстовки,Respire,S,408646295,Электросталь,0,0,0,0,0,0,0,0,0,0
5624016-CR,Толстовка с капюшоном утепленная,263173341,Толстовки,Respire,M,408646296,Екатеринбург - Перспективная 14,0,1,1,1,1,1,1,1,1,1
5624016-CR,Толстовка с капюшоном утепленная,263173341,Толстовки,Respire,M,408646296,Коледино,13,13,13,13,13,13,13,13,13,13
5624016-CR,Толстовка с капюшоном утепленная,263173341,Толстовки,Respire,M,408646296,Краснодар,1,1,1,1,1,1,1,1,1,1
5624016-CR,Толстовка с капюшоном утепленная,263173341,Толстовки,Respire,M,408646296,Тула,1,1,1,1,1,1,1,0,0,0
5624016-CR,Толстовка с капюшоном утепленная,263173341,Толстовки,Respire,L,408646297,Коледино,2,2,2,2,2,2,2,2,2,2
5624016-CR,Толстовка с капюшоном утепленная,263173341,Толстовки,Respire,L,408646297,Склад СПБ Шушары Московское,1,1,1,1,1,1,1,1,1,1
5624016-CR,Толстовка с капюшоном утепленная,263173341,Толстовки,Respire,XL,408646298,Краснодар,1,1,1,1,1,1,1,1,1,1
5624016-CR,Толстовка с капюшоном утепленная,263173341,Толстовки,Respire,XL,408646298,Новосемейкино,1,1,1,1,1,1,1,1,1,1
5624016-CR,Толстовка с капюшоном утепленная,263173341,Толстовки,Respire,XL,408646298,Склад СПБ Шушары Московское,1,1,1,0,0,0,0,1,1,1
5624016-CR,Толстовка с капюшоном утепленная,263173341,Толстовки,Respire,XL,408646298,Челябинск,0,0,0,0,0,0,0,0,0,0
5624016-BG,Толстовка с капюшоном утепленная,263173342,Толстовки,Respire,S,408646299,Краснодар,1,1,1,1,1,1,1,1,1,1
5624016-BG,Толстовка с капюшоном утепленная,263173342,Толстовки,Respire,S,408646299,Рязань (Тюшевское),1,1,1,1,1,1,1,0,0,0
5624016-BG,Толстовка с капюшоном утепленная,263173342,Толстовки,Respire,S,408646299,СЦ Вологда 2,0,0,0,0,0,0,0,0,0,0
5624016-BG,Толстовка с капюшоном утепленная,263173342,Толстовки,Respire,S,408646299,Электросталь,1,0,0,0,1,1,1,1,1,1
5624016-BG,Толстовка с капюшоном утепленная,263173342,Толстовки,Respire,M,408646300,Коледино,5,5,5,5,5,5,5,5,5,5
5624016-BG,Толстовка с капюшоном утепленная,263173342,Толстовки,Respire,L,408646301,Тула,0,0,0,1,1,1,1,1,1,1
5624016-GR,Толстовка с капюшоном утепленная,263173343,Толстовки,Respire,S,408646303,Коледино,3,3,3,3,3,3,3,3,3,3
5624016-GR,Толстовка с капюшоном утепленная,263173343,Толстовки,Respire,S,408646303,Рязань (Тюшевское),1,1,1,1,1,1,1,1,1,1
5624016-GR,Толстовка с капюшоном утепленная,263173343,Толстовки,Respire,M,408646304,Коледино,6,6,6,6,6,6,6,6,6,6
5624016-GR,Толстовка с капюшоном утепленная,263173343,Толстовки,Respire,M,408646304,Рязань (Тюшевское),1,1,1,1,1,1,1,1,1,1
5624016-GR,Толстовка с капюшоном утепленная,263173343,Толстовки,Respire,XL,408646306,Коледино,2,2,2,2,2,2,2,2,2,2
5624016-GR,Толстовка с капюшоном утепленная,263173343,Толстовки,Respire,XL,408646306,Тула,1,1,1,1,1,1,1,1,1,1
5624016-DG,Толстовка с капюшоном утепленная,263173344,Толстовки,Respire,S,408646307,Коледино,1,1,1,1,1,1,1,1,1,1
5624016-DG,Толстовка с капюшоном утепленная,263173344,Толстовки,Respire,S,408646307,Пенза WB,1,1,1,1,1,1,1,1,1,1
5624016-DG,Толстовка с капюшоном утепленная,263173344,Толстовки,Respire,M,408646308,Владимир WB,1,1,1,1,1,1,1,1,1,1
5624016-BLU,Толстовка с капюшоном утепленная,263173345,Толстовки,Respire,S,408646311,Воронеж WB,1,1,1,1,1,1,1,1,1,1
5624016-BLU,Толстовка с капюшоном утепленная,263173345,Толстовки,Respire,S,408646311,Казань,1,1,1,1,1,1,1,1,1,1
5624016-GM,Толстовка с капюшоном утепленная,263173346,Толстовки,Respire,M,408646316,Коледино,4,4,4,4,4,4,4,4,4,4
5624016-GM,Толстовка с капюшоном утепленная,263173346,Толстовки,Respire,M,408646316,Краснодар,1,1,1,1,1,1,1,1,1,1
5624016-GM,Толстовка с капюшоном утепленная,263173346,Толстовки,Respire,M,408646316,Склад СПБ Шушары Московское,1,1,1,1,1,1,1,1,1,1
5624016-GM,Толстовка с капюшоном утепленная,263173346,Толстовки,Respire,L,408646317,Астана Карагандинское шоссе,1,1,1,1,1,1,1,1,1,1
5624016-GM,Толстовка с капюшоном утепленная,263173346,Толстовки,Respire,L,408646317,Владимир WB,1,1,1,1,1,1,1,1,1,1
5624016-GM,Толстовка с капюшоном утепленная,263173346,Толстовки,Respire,XL,408646318,Владимир WB,1,1,1,1,1,1,0,0,0,0
5624016-LGM,Толстовка с капюшоном утепленная,263173347,Толстовки,Respire,M,408646320,Коледино,1,1,1,1,1,1,1,1,1,1
5624016-LGM,Толстовка с капюшоном утепленная,263173347,Толстовки,Respire,M,408646320,Новосемейкино,1,1,1,1,1,1,1,1,1,1
5624016-LGM,Толстовка с капюшоном утепленная,263173347,Толстовки,Respire,M,408646320,Рязань (Тюшевское),1,1,1,1,1,1,1,1,1,1
5624016-LGM,Толстовка с капюшоном утепленная,263173347,Толстовки,Respire,XL,408646322,Владимир WB,1,1,1,1,1,1,1,1,1,1
5624016-LGM,Толстовка с капюшоном утепленная,263173347,Толстовки,Respire,XL,408646322,Екатеринбург - Перспективная 14,1,1,1,1,1,1,1,1,1,1
5624016-LB,Толстовка с капюшоном утепленная,263173348,Толстовки,Respire,S,408646323,Екатеринбург - Перспективная 14,1,1,1,1,1,1,1,1,1,1
5624016-DGRN,Толстовка с капюшоном утепленная,263173349,Толстовки,Respire,M,408646328,Екатеринбург - Перспективная 14,1,1,1,1,1,1,1,1,1,1
5624016-DGRN,Толстовка с капюшоном утепленная,263173349,Толстовки,Respire,M,408646328,Тула,2,2,2,2,2,2,2,2,2,2
5624016-DGRN,Толстовка с капюшоном утепленная,263173349,Толстовки,Respire,M,408646328,Электросталь,1,0,0,0,1,1,1,1,1,1
5624016-DGRN,Толстовка с капюшоном утепленная,263173349,Толстовки,Respire,L,408646329,Остальные,0,0,0,0,0,0,0,0,0,0
5625017-CR,Толстовка с капюшоном утепленная,263173365,Толстовки,Respire,XL,408646373,Пермь 2,0,0,0,0,0,0,0,0,0,0
5624075-BL,Утепленные штаны джоггеры спортивные,263619966,Брюки,Respire,M,409301849,Владимир WB,1,1,1,1,1,1,1,1,1,1
5624075-BL,Утепленные штаны джоггеры спортивные,263619966,Брюки,Respire,M,409301849,Екатеринбург - Перспективная 14,1,1,1,1,1,1,1,1,1,1
5624075-BL,Утепленные штаны джоггеры спортивные,263619966,Брюки,Respire,M,409301849,Коледино,6,6,6,6,6,6,6,6,6,6
5624075-BL,Утепленные штаны джоггеры спортивные,263619966,Брюки,Respire,M,409301849,Электросталь,1,0,0,0,1,1,1,1,1,1
5624075-CR,Утепленные штаны джоггеры спортивные,263619967,Брюки,Respire,M,409301853,Краснодар,1,1,1,1,1,1,1,1,1,1
5624075-CR,Утепленные штаны джоггеры спортивные,263619967,Брюки,Respire,M,409301853,Остальные,0,0,0,0,0,0,0,0,0,0
5624075-CR,Утепленные штаны джоггеры спортивные,263619967,Брюки,Respire,M,409301853,Электросталь,1,0,0,0,1,1,1,1,1,1
5624075-CR,Утепленные штаны джоггеры спортивные,263619967,Брюки,Respire,L,409301854,Невинномысск,1,1,1,1,1,1,1,1,1,1
5624075-BLU,Утепленные штаны джоггеры спортивные,263619969,Брюки,Respire,L,409301862,Сарапул WB,1,1,1,1,1,1,1,1,1,1
5624020-BL,Утепленные штаны джоггеры спортивные,263619971,Брюки,Respire,S,409301865,Екатеринбург - Перспективная 14,1,1,1,1,1,1,1,1,1,1
5624020-BL,Утепленные штаны джоггеры спортивные,263619971,Брюки,Respire,S,409301865,Коледино,3,3,3,3,3,3,3,3,3,3
5624020-BL,Утепленные штаны джоггеры спортивные,263619971,Брюки,Respire,S,409301865,Тула,1,1,1,1,1,1,1,1,1,1
5624020-BL,Утепленные штаны джоггеры спортивные,263619971,Брюки,Respire,M,409301866,Коледино,5,5,5,5,5,5,5,5,5,5
5624020-BL,Утепленные штаны джоггеры спортивные,263619971,Брюки,Respire,M,409301866,Тула,1,1,1,1,1,1,1,1,1,1
5624020-BL,Утепленные штаны джоггеры спортивные,263619971,Брюки,Respire,M,409301866,Электросталь,1,0,0,0,1,1,1,1,1,1
5624020-CR,Утепленные штаны джоггеры спортивные,263619972,Брюки,Respire,M,409301870,Рязань (Тюшевское),0,0,0,0,0,0,0,1,1,1
5624020-CR,Утепленные штаны джоггеры спортивные,263619972,Брюки,Respire,L,409301871,Екатеринбург - Перспективная 14,1,1,1,1,1,1,1,1,1,1
5624020-CR,Утепленные штаны джоггеры спортивные,263619972,Брюки,Respire,L,409301871,Коледино,1,1,1,1,1,1,1,1,1,1
5624020-BG,Утепленные штаны джоггеры спортивные,263619973,Брюки,Respire,S,409301873,Коледино,2,2,2,2,2,2,2,2,2,2
5624020-BG,Утепленные штаны джоггеры спортивные,263619973,Брюки,Respire,S,409301873,Краснодар,1,1,1,1,1,1,1,1,1,1
5624020-BG,Утепленные штаны джоггеры спортивные,263619973,Брюки,Respire,L,409301875,Тула,1,1,1,1,1,1,1,1,1,1
5624020-GR,Утепленные штаны джоггеры спортивные,263619974,Брюки,Respire,S,409301877,Коледино,5,5,5,5,5,5,5,5,5,5
5624020-GR,Утепленные штаны джоггеры спортивные,263619974,Брюки,Respire,M,409301878,Воронеж WB,1,1,1,1,1,1,1,1,1,1
5624020-GR,Утепленные штаны джоггеры спортивные,263619974,Брюки,Respire,M,409301878,Коледино,6,6,6,6,6,6,6,6,6,6
5624020-GR,Утепленные штаны джоггеры спортивные,263619974,Брюки,Respire,M,409301878,Тула,1,1,1,1,1,1,1,1,1,1
5624020-GR,Утепленные штаны джоггеры спортивные,263619974,Брюки,Respire,L,409301879,Воронеж WB,1,1,1,1,1,1,1,1,1,1
5624020-GR,Утепленные штаны джоггеры спортивные,263619974,Брюки,Respire,XL,409301880,Волгоград,1,1,1,1,1,1,1,1,1,1
5624020-GR,Утепленные штаны джоггеры спортивные,263619974,Брюки,Respire,XL,409301880,Коледино,1,1,1,1,1,1,1,1,1,1
5624020-GR,Утепленные штаны джоггеры спортивные,263619974,Брюки,Respire,XL,409301880,Электросталь,1,0,0,0,1,1,1,1,1,1
5624020-DG,Утепленные штаны джоггеры спортивные,263619975,Брюки,Respire,S,409301881,Коледино,3,3,3,3,3,3,3,3,3,3
5624020-DG,Утепленные штаны джоггеры спортивные,263619975,Брюки,Respire,M,409301882,Казань,1,1,1,1,1,1,1,1,1,1
5624020-DG,Утепленные штаны джоггеры спортивные,263619975,Брюки,Respire,M,409301882,Коледино,2,2,2,2,2,2,2,2,2,2
5624020-DG,Утепленные штаны джоггеры спортивные,263619975,Брюки,Respire,M,409301882,Краснодар,1,1,1,1,1,1,1,1,1,1
5624020-BLU,Утепленные штаны джоггеры спортивные,263619976,Брюки,Respire,S,409301885,Новосемейкино,1,1,1,1,1,1,1,1,1,1
5624020-BLU,Утепленные штаны джоггеры спортивные,263619976,Брюки,Respire,S,409301885,Тула,1,1,1,1,1,1,1,1,1,1
5624020-BLU,Утепленные штаны джоггеры спортивные,263619976,Брюки,Respire,M,409301886,Коледино,1,1,1,1,1,1,1,1,1,1
5624020-BLU,Утепленные штаны джоггеры спортивные,263619976,Брюки,Respire,M,409301886,СК Тверь Эммаусское WB,0,0,0,0,0,0,1,1,1,1
5624020-BLU,Утепленные штаны джоггеры спортивные,263619976,Брюки,Respire,M,409301886,Тула,1,1,1,1,1,1,1,1,1,1
5624020-LGM,Утепленные штаны джоггеры спортивные,263619978,Брюки,Respire,L,409301895,Владимир WB,1,1,1,1,1,1,1,1,1,1
5624020-LGM,Утепленные штаны джоггеры спортивные,263619978,Брюки,Respire,XL,409301896,Остальные,0,0,0,0,0,0,0,0,0,0
5624020-LB,Утепленные штаны джоггеры спортивные,263619979,Брюки,Respire,S,409301897,Екатеринбург - Перспективная 14,1,1,1,1,1,1,1,1,1,1
5624020-LB,Утепленные штаны джоггеры спортивные,263619979,Брюки,Respire,S,409301897,Краснодар,1,1,1,1,1,1,1,1,1,1
5624020-LB,Утепленные штаны джоггеры спортивные,263619979,Брюки,Respire,M,409301898,Сарапул WB,0,1,1,1,1,1,1,1,1,1
5624020-LB,Утепленные штаны джоггеры спортивные,263619979,Брюки,Respire,L,409301899,Рязань (Тюшевское),0,0,0,0,0,0,0,1,1,1
5624020-LB,Утепленные штаны джоггеры спортивные,263619979,Брюки,Respire,XL,409301900,Воронеж WB,1,1,1,1,1,1,1,1,1,1
5624020-LB,Утепленные штаны джоггеры спортивные,263619979,Брюки,Respire,XL,409301900,Краснодар,1,1,1,1,1,1,1,1,1,1
5624020-LB,Утепленные штаны джоггеры спортивные,263619979,Брюки,Respire,XL,409301900,Электросталь,1,0,0,0,1,1,1,1,1,1
i8-80457,Джинсы широкие багги,405362929,Джинсы,I8-DENIM,29,583851961,Владимир WB,1,1,1,1,1,1,1,1,1,1
i8-80457,Джинсы широкие багги,405362929,Джинсы,I8-DENIM,29,583851961,Коледино,1,1,1,1,1,1,1,1,1,1
i8-80457,Джинсы широкие багги,405362929,Джинсы,I8-DENIM,29,583851961,Сарапул WB,1,1,1,1,1,1,1,1,1,1
i8-80457,Джинсы широкие багги,405362929,Джинсы,I8-DENIM,31,583851963,Екатеринбург - Перспективная 14,1,1,1,1,1,1,1,1,1,1
i8-80457,Джинсы широкие багги,405362929,Джинсы,I8-DENIM,31,583851963,Коледино,1,1,0,0,0,0,0,0,0,0
i8-80457,Джинсы широкие багги,405362929,Джинсы,I8-DENIM,31,583851963,Тула,1,1,1,1,1,1,1,1,1,1
i8-80457,Джинсы широкие багги,405362929,Джинсы,I8-DENIM,32,583851964,Воронеж WB,1,1,1,1,1,1,1,1,1,1
i8-80457,Джинсы широкие багги,405362929,Джинсы,I8-DENIM,32,583851964,Екатеринбург - Перспективная 14,1,1,1,1,1,1,1,1,1,1
i8-80457,Джинсы широкие багги,405362929,Джинсы,I8-DENIM,32,583851964,Коледино,5,5,5,5,5,5,5,5,5,5
i8-80457,Джинсы широкие багги,405362929,Джинсы,I8-DENIM,32,583851964,Котовск,1,0,0,0,0,0,1,1,1,1
i8-80457,Джинсы широкие багги,405362929,Джинсы,I8-DENIM,32,583851964,Сарапул WB,1,1,1,1,1,1,1,1,1,1
i8-80457,Джинсы широкие багги,405362929,Джинсы,I8-DENIM,33,583851965,Владимир WB,1,1,1,1,1,1,1,1,1,1
i8-80457,Джинсы широкие багги,405362929,Джинсы,I8-DENIM,33,583851965,Сарапул WB,1,1,1,1,1,1,1,1,1,1
i8-80457,Джинсы широкие багги,405362929,Джинсы,I8-DENIM,33,583851965,Тула,1,1,1,1,1,1,1,1,1,1
i8-80457,Джинсы широкие багги,405362929,Джинсы,I8-DENIM,34,583851966,Екатеринбург - Перспективная 14,1,1,1,1,1,1,1,1,1,1
i8-80457,Джинсы широкие багги,405362929,Джинсы,I8-DENIM,34,583851966,Коледино,3,3,3,3,3,3,3,3,3,3
i8-80457,Джинсы широкие багги,405362929,Джинсы,I8-DENIM,34,583851966,Сарапул WB,1,1,1,1,1,1,1,1,1,1
i8-80457,Джинсы широкие багги,405362929,Джинсы,I8-DENIM,34,583851966,Тула,1,1,1,1,1,1,1,1,1,1
i8-80457,Джинсы широкие багги,405362929,Джинсы,I8-DENIM,36,583851967,Воронеж WB,1,1,1,1,1,1,1,1,1,1
i8-80457,Джинсы широкие багги,405362929,Джинсы,I8-DENIM,36,583851967,Екатеринбург - Перспективная 14,1,1,1,1,1,1,1,1,1,1
i8-80717,Джинсы бананы,405580945,Джинсы,I8-DENIM,29,583851968,Коледино,0,0,0,0,0,0,0,1,1,1
i8-80717,Джинсы бананы,405580945,Джинсы,I8-DENIM,29,583851968,Невинномысск,1,1,1,1,1,1,1,1,1,1
i8-80717,Джинсы бананы,405580945,Джинсы,I8-DENIM,29,583851968,Новосемейкино,3,3,3,2,2,2,2,2,2,2
i8-80717,Джинсы бананы,405580945,Джинсы,I8-DENIM,29,583851968,Остальные,0,0,0,0,0,0,0,0,0,0
i8-80717,Джинсы бананы,405580945,Джинсы,I8-DENIM,29,583851968,Пенза WB,2,2,2,2,2,2,2,2,2,2
i8-80717,Джинсы бананы,405580945,Джинсы,I8-DENIM,29,583851968,СК Ереван,1,1,1,1,1,1,1,1,1,1
i8-80717,Джинсы бананы,405580945,Джинсы,I8-DENIM,29,583851968,Склад СПБ Шушары Московское,2,2,2,2,2,2,2,2,2,2
i8-80717,Джинсы бананы,405580945,Джинсы,I8-DENIM,29,583851968,Электросталь,3,0,0,0,3,3,3,3,3,3
i8-80717,Джинсы бананы,405580945,Джинсы,I8-DENIM,30,583851969,Владимир WB,0,0,0,0,0,0,0,0,0,0
i8-80717,Джинсы бананы,405580945,Джинсы,I8-DENIM,30,583851969,Екатеринбург - Перспективная 14,0,0,0,0,0,1,1,1,1,1
i8-80717,Джинсы бананы,405580945,Джинсы,I8-DENIM,30,583851969,Котовск,1,0,0,0,0,0,0,0,0,0
i8-80717,Джинсы бананы,405580945,Джинсы,I8-DENIM,30,583851969,Невинномысск,3,3,3,3,3,3,3,3,3,3
i8-80717,Джинсы бананы,405580945,Джинсы,I8-DENIM,30,583851969,Новосемейкино,2,2,2,2,2,2,2,2,2,2
i8-80717,Джинсы бананы,405580945,Джинсы,I8-DENIM,30,583851969,Остальные,0,0,0,0,0,0,0,0,0,0
i8-80717,Джинсы бананы,405580945,Джинсы,I8-DENIM,30,583851969,Рязань (Тюшевское),0,0,0,0,0,1,1,1,1,1
i8-80717,Джинсы бананы,405580945,Джинсы,I8-DENIM,30,583851969,Склад СПБ Шушары Московское,3,3,3,3,3,3,3,3,3,3
i8-80717,Джинсы бананы,405580945,Джинсы,I8-DENIM,30,583851969,Электросталь,3,0,0,0,3,3,3,3,3,3
i8-80717,Джинсы бананы,405580945,Джинсы,I8-DENIM,31,583851970,Владимир WB,0,0,0,0,1,1,1,1,1,1
i8-80717,Джинсы бананы,405580945,Джинсы,I8-DENIM,31,583851970,Котовск,1,0,0,0,0,0,0,0,0,0
i8-80717,Джинсы бананы,405580945,Джинсы,I8-DENIM,31,583851970,Невинномысск,3,3,3,3,3,3,3,3,3,3
i8-80717,Джинсы бананы,405580945,Джинсы,I8-DENIM,31,583851970,Новосемейкино,1,1,1,1,1,1,1,1,1,1
i8-80717,Джинсы бананы,405580945,Джинсы,I8-DENIM,31,583851970,Остальные,0,0,0,0,0,0,0,0,0,0
i8-80717,Джинсы бананы,405580945,Джинсы,I8-DENIM,31,583851970,Склад СПБ Шушары Московское,1,1,1,1,1,1,1,1,1,1
i8-80717,Джинсы бананы,405580945,Джинсы,I8-DENIM,31,583851970,Тула,1,1,1,1,1,1,1,1,1,1
i8-80717,Джинсы бананы,405580945,Джинсы,I8-DENIM,31,583851970,Электросталь,3,0,0,0,3,3,3,3,3,3
i8-80717,Джинсы бананы,405580945,Джинсы,I8-DENIM,32,583851971,Воронеж WB,1,1,1,1,1,1,1,1,1,1
i8-80717,Джинсы бананы,405580945,Джинсы,I8-DENIM,32,583851971,Екатеринбург - Перспективная 14,1,1,1,1,1,1,1,1,1,1
i8-80717,Джинсы бананы,405580945,Джинсы,I8-DENIM,32,583851971,Невинномысск,5,5,5,5,5,5,5,5,5,5
i8-80717,Джинсы бананы,405580945,Джинсы,I8-DENIM,32,583851971,Новосемейкино,4,4,4,4,4,4,4,4,4,4
i8-80717,Джинсы бананы,405580945,Джинсы,I8-DENIM,32,583851971,Склад СПБ Шушары Московское,3,3,3,3,3,3,3,3,3,3
i8-80717,Джинсы бананы,405580945,Джинсы,I8-DENIM,32,583851971,Тула,2,2,2,2,2,2,2,2,2,2
i8-80717,Джинсы бананы,405580945,Джинсы,I8-DENIM,32,583851971,Электросталь,9,0,0,0,9,9,9,9,9,9
i8-80717,Джинсы бананы,405580945,Джинсы,I8-DENIM,33,583851972,Астана Карагандинское шоссе,1,1,1,1,1,1,1,1,1,1
i8-80717,Джинсы бананы,405580945,Джинсы,I8-DENIM,33,583851972,Котовск,2,0,0,0,0,0,1,1,1,1
i8-80717,Джинсы бананы,405580945,Джинсы,I8-DENIM,33,583851972,Невинномысск,2,2,2,2,2,2,2,2,2,2
i8-80717,Джинсы бананы,405580945,Джинсы,I8-DENIM,33,583851972,Новосемейкино,0,0,0,0,1,1,1,1,1,1
i8-80717,Джинсы бананы,405580945,Джинсы,I8-DENIM,33,583851972,Склад СПБ Шушары Московское,2,2,2,2,2,2,2,2,2,2
i8-80717,Джинсы бананы,405580945,Джинсы,I8-DENIM,33,583851972,Тула,0,0,1,1,1,1,1,1,1,1
i8-80717,Джинсы бананы,405580945,Джинсы,I8-DENIM,33,583851972,Электросталь,2,0,0,0,3,3,3,3,3,3
i8-80717,Джинсы бананы,405580945,Джинсы,I8-DENIM,34,583851973,Владимир WB,1,1,1,1,1,1,1,1,1,1
i8-80717,Джинсы бананы,405580945,Джинсы,I8-DENIM,34,583851973,Волгоград,1,1,1,1,1,1,1,1,1,1
i8-80717,Джинсы бананы,405580945,Джинсы,I8-DENIM,34,583851973,Коледино,1,1,1,1,1,1,1,1,1,1
i8-80717,Джинсы бананы,405580945,Джинсы,I8-DENIM,34,583851973,Новосемейкино,4,4,4,4,4,4,4,4,4,4
i8-80717,Джинсы бананы,405580945,Джинсы,I8-DENIM,34,583851973,Рязань (Тюшевское),2,2,2,2,2,2,2,2,2,2
i8-80717,Джинсы бананы,405580945,Джинсы,I8-DENIM,34,583851973,Склад СПБ Шушары Московское,3,3,3,3,3,3,3,3,3,3
i8-80717,Джинсы бананы,405580945,Джинсы,I8-DENIM,34,583851973,Тула,1,1,1,1,1,1,1,1,1,1
i8-80717,Джинсы бананы,405580945,Джинсы,I8-DENIM,34,583851973,Электросталь,3,0,0,0,3,3,3,3,3,3
i8-80717,Джинсы бананы,405580945,Джинсы,I8-DENIM,36,583851974,Екатеринбург - Перспективная 14,1,1,1,1,1,1,1,1,1,1
i8-80717,Джинсы бананы,405580945,Джинсы,I8-DENIM,36,583851974,Невинномысск,2,2,2,2,2,2,2,2,2,2
i8-80717,Джинсы бананы,405580945,Джинсы,I8-DENIM,36,583851974,Новосемейкино,3,3,3,3,3,3,3,3,3,3
i8-80717,Джинсы бананы,405580945,Джинсы,I8-DENIM,36,583851974,Рязань (Тюшевское),1,1,1,1,1,1,1,1,1,1
i8-80717,Джинсы бананы,405580945,Джинсы,I8-DENIM,36,583851974,СК Тверь Эммаусское WB,0,0,1,1,1,1,1,1,1,1
i8-80717,Джинсы бананы,405580945,Джинсы,I8-DENIM,36,583851974,Склад СПБ Шушары Московское,2,2,2,2,2,2,2,2,2,2
i8-80717,Джинсы бананы,405580945,Джинсы,I8-DENIM,36,583851974,Тула,1,1,1,1,1,1,1,1,1,1
i8-80717,Джинсы бананы,405580945,Джинсы,I8-DENIM,36,583851974,Электросталь,2,0,0,0,2,2,2,2,2,2
i8-80445,Джинсы прямые серые,405580946,Джинсы,I8-DENIM,32,583851977,Волгоград,1,1,1,1,1,1,1,1,1,1
i8-80445,Джинсы прямые серые,405580946,Джинсы,I8-DENIM,32,583851977,Екатеринбург - Перспективная 14,1,1,1,1,1,1,1,1,1,1
i8-80445,Джинсы прямые серые,405580946,Джинсы,I8-DENIM,32,583851977,Коледино,3,3,3,3,3,3,3,3,3,3
i8-80445,Джинсы прямые серые,405580946,Джинсы,I8-DENIM,33,583851978,Волгоград,1,1,1,1,1,1,1,1,1,1
i8-80445,Джинсы прямые серые,405580946,Джинсы,I8-DENIM,33,583851978,Коледино,1,1,1,1,0,0,0,0,0,0
i8-80445,Джинсы прямые серые,405580946,Джинсы,I8-DENIM,33,583851978,Котовск,1,0,0,0,0,0,0,0,0,0
i8-80445,Джинсы прямые серые,405580946,Джинсы,I8-DENIM,33,583851978,Новосемейкино,1,1,1,1,1,1,1,0,0,0
i8-80445,Джинсы прямые серые,405580946,Джинсы,I8-DENIM,33,583851978,Остальные,0,0,0,0,0,0,0,0,0,0
i8-80445,Джинсы прямые серые,405580946,Джинсы,I8-DENIM,36,583851980,Электросталь,1,0,0,0,1,1,1,1,1,1
i8-80445,Джинсы прямые серые,405580946,Джинсы,I8-DENIM,38,583851981,Рязань (Тюшевское),1,1,1,1,1,1,1,1,1,1
i8-80449,Джинсы прямые,405580947,Джинсы,I8-DENIM,30,583851982,Екатеринбург - Перспективная 14,1,1,1,1,1,1,1,1,1,1
i8-80449,Джинсы прямые,405580947,Джинсы,I8-DENIM,30,583851982,Казань,1,1,1,1,1,1,1,1,1,1
i8-80449,Джинсы прямые,405580947,Джинсы,I8-DENIM,30,583851982,Рязань (Тюшевское),0,0,0,0,0,0,0,0,1,1
i8-80449,Джинсы прямые,405580947,Джинсы,I8-DENIM,33,583851985,Рязань (Тюшевское),0,0,0,0,0,0,0,0,1,0
i8-80431,Джинсы бананы,405580948,Джинсы,I8-DENIM,30,583851990,Казань,1,1,1,1,1,1,1,1,1,1
i8-80431,Джинсы бананы,405580948,Джинсы,I8-DENIM,30,583851990,Коледино,3,3,3,3,3,3,3,3,3,3
i8-80431,Джинсы бананы,405580948,Джинсы,I8-DENIM,30,583851990,Невинномысск,1,1,1,1,1,1,1,1,1,1
i8-80431,Джинсы бананы,405580948,Джинсы,I8-DENIM,30,583851990,Новосемейкино,0,0,0,0,0,1,1,1,1,1
i8-80431,Джинсы бананы,405580948,Джинсы,I8-DENIM,30,583851990,Электросталь,2,0,0,0,2,2,2,2,2,2
i8-80431,Джинсы бананы,405580948,Джинсы,I8-DENIM,31,583851991,Коледино,4,4,4,4,4,4,4,4,4,4
i8-80431,Джинсы бананы,405580948,Джинсы,I8-DENIM,31,583851991,Котовск,1,0,0,0,0,0,0,0,0,0
i8-80431,Джинсы бананы,405580948,Джинсы,I8-DENIM,32,583851992,Екатеринбург - Перспективная 14,1,1,1,1,1,1,1,1,1,1
i8-80431,Джинсы бананы,405580948,Джинсы,I8-DENIM,32,583851992,Коледино,8,8,8,8,8,8,8,8,8,8
i8-80431,Джинсы бананы,405580948,Джинсы,I8-DENIM,32,583851992,Котовск,1,0,0,0,0,0,0,0,0,0
i8-80431,Джинсы бананы,405580948,Джинсы,I8-DENIM,32,583851992,Новосемейкино,3,3,3,3,3,3,3,3,3,3
i8-80431,Джинсы бананы,405580948,Джинсы,I8-DENIM,33,583851993,Владивосток WB,1,1,1,1,1,1,1,1,1,1
i8-80431,Джинсы бананы,405580948,Джинсы,I8-DENIM,33,583851993,Волгоград,1,1,1,1,1,1,1,1,1,1
i8-80431,Джинсы бананы,405580948,Джинсы,I8-DENIM,33,583851993,Краснодар,1,1,1,1,1,1,1,1,1,1
i8-80431,Джинсы бананы,405580948,Джинсы,I8-DENIM,33,583851993,Новосемейкино,1,1,1,1,1,1,1,1,1,1
i8-80431,Джинсы бананы,405580948,Джинсы,I8-DENIM,33,583851993,Электросталь,1,0,0,0,1,1,1,1,1,1
i8-80431,Джинсы бананы,405580948,Джинсы,I8-DENIM,34,583851994,Коледино,3,3,3,3,3,3,3,3,3,3
i8-80431,Джинсы бананы,405580948,Джинсы,I8-DENIM,34,583851994,Новосемейкино,2,2,2,2,2,2,2,2,2,2
i8-80431,Джинсы бананы,405580948,Джинсы,I8-DENIM,34,583851994,Тула,1,1,1,1,1,1,1,1,1,1
i8-80431,Джинсы бананы,405580948,Джинсы,I8-DENIM,36,583851995,Краснодар,1,1,1,1,1,1,1,1,1,1
i8-80431,Джинсы бананы,405580948,Джинсы,I8-DENIM,36,583851995,Новосемейкино,1,1,1,1,1,1,1,1,1,1
i8-80429,Джинсы бананы,405580949,Джинсы,I8-DENIM,29,583851996,Коледино,0,0,0,0,0,0,0,1,1,1
i8-80429,Джинсы бананы,405580949,Джинсы,I8-DENIM,29,583851996,Рязань (Тюшевское),0,0,0,0,0,0,0,0,0,0
i8-80429,Джинсы бананы,405580949,Джинсы,I8-DENIM,30,583851997,Рязань (Тюшевское),1,1,1,1,1,1,1,1,1,1
i8-80429,Джинсы бананы,405580949,Джинсы,I8-DENIM,32,583851999,Воронеж WB,0,1,1,1,1,1,1,1,1,1
i8-80429,Джинсы бананы,405580949,Джинсы,I8-DENIM,32,583851999,Новосемейкино,0,0,0,0,2,2,2,2,2,2
i8-80429,Джинсы бананы,405580949,Джинсы,I8-DENIM,32,583851999,Рязань (Тюшевское),0,0,1,1,1,1,1,1,1,1
i8-80429,Джинсы бананы,405580949,Джинсы,I8-DENIM,34,583852001,Волгоград,0,0,0,0,0,0,0,0,1,1
i8-80429,Джинсы бананы,405580949,Джинсы,I8-DENIM,34,583852001,Екатеринбург - Перспективная 14,1,1,1,1,1,1,1,0,0,0
i8-80444,Джинсы бананы белые,405580950,Джинсы,I8-DENIM,29,583852003,Владивосток WB,1,1,1,1,1,1,1,1,1,1
i8-80444,Джинсы бананы белые,405580950,Джинсы,I8-DENIM,29,583852003,Владимир WB,1,1,1,1,1,1,1,1,1,1
i8-80444,Джинсы бананы белые,405580950,Джинсы,I8-DENIM,29,583852003,Екатеринбург - Перспективная 14,1,1,1,1,1,1,1,1,1,1
i8-80444,Джинсы бананы белые,405580950,Джинсы,I8-DENIM,29,583852003,Коледино,0,0,0,1,1,0,0,0,0,0
i8-80444,Джинсы бананы белые,405580950,Джинсы,I8-DENIM,29,583852003,Краснодар,1,1,1,1,1,1,1,1,1,1
i8-80444,Джинсы бананы белые,405580950,Джинсы,I8-DENIM,29,583852003,Невинномысск,2,2,2,2,2,2,2,2,2,2
i8-80444,Джинсы бананы белые,405580950,Джинсы,I8-DENIM,29,583852003,Новосемейкино,6,6,6,6,5,5,5,5,6,6
i8-80444,Джинсы бананы белые,405580950,Джинсы,I8-DENIM,29,583852003,Остальные,0,0,0,0,0,0,0,0,0,0
i8-80444,Джинсы бананы белые,405580950,Джинсы,I8-DENIM,29,583852003,Тула,1,1,1,1,1,1,1,1,1,1
i8-80444,Джинсы бананы белые,405580950,Джинсы,I8-DENIM,29,583852003,Электросталь,1,0,0,0,1,1,1,1,1,1
i8-80444,Джинсы бананы белые,405580950,Джинсы,I8-DENIM,30,583852004,Екатеринбург - Перспективная 14,3,3,3,3,3,3,3,3,3,3
i8-80444,Джинсы бананы белые,405580950,Джинсы,I8-DENIM,30,583852004,Коледино,0,0,0,0,1,0,0,0,0,0
i8-80444,Джинсы бананы белые,405580950,Джинсы,I8-DENIM,30,583852004,Краснодар,0,0,0,0,0,0,0,0,0,0
i8-80444,Джинсы бананы белые,405580950,Джинсы,I8-DENIM,30,583852004,Новосемейкино,3,3,3,3,3,1,1,1,0,0
i8-80444,Джинсы бананы белые,405580950,Джинсы,I8-DENIM,30,583852004,Остальные,0,0,0,0,0,0,0,0,0,0
i8-80444,Джинсы бананы белые,405580950,Джинсы,I8-DENIM,30,583852004,Пенза WB,0,0,0,0,0,0,0,0,0,0
i8-80444,Джинсы бананы белые,405580950,Джинсы,I8-DENIM,30,583852004,Рязань (Тюшевское),0,0,0,0,0,0,0,0,1,0
i8-80444,Джинсы бананы белые,405580950,Джинсы,I8-DENIM,30,583852004,СК Тверь Эммаусское WB,0,0,0,0,0,0,0,0,1,1
i8-80444,Джинсы бананы белые,405580950,Джинсы,I8-DENIM,30,583852004,Склад СПБ Шушары Московское,0,0,0,0,0,0,0,0,0,0
i8-80444,Джинсы бананы белые,405580950,Джинсы,I8-DENIM,30,583852004,Электросталь,0,0,0,0,0,0,0,0,0,0
i8-80444,Джинсы бананы белые,405580950,Джинсы,I8-DENIM,31,583852005,Астана Карагандинское шоссе,0,0,0,0,0,0,0,0,0,0
i8-80444,Джинсы бананы белые,405580950,Джинсы,I8-DENIM,31,583852005,Атакент,1,1,1,0,0,0,0,0,0,0
i8-80444,Джинсы бананы белые,405580950,Джинсы,I8-DENIM,31,583852005,Владимир WB,0,0,0,0,0,0,0,0,0,0
i8-80444,Джинсы бананы белые,405580950,Джинсы,I8-DENIM,31,583852005,Вёшки,0,0,0,0,0,0,0,0,0,0
i8-80444,Джинсы бананы белые,405580950,Джинсы,I8-DENIM,31,583852005,Коледино,0,1,1,0,0,0,0,0,0,0
i8-80444,Джинсы бананы белые,405580950,Джинсы,I8-DENIM,31,583852005,Невинномысск,1,1,1,1,1,1,1,1,1,1
i8-80444,Джинсы бананы белые,405580950,Джинсы,I8-DENIM,31,583852005,Новосемейкино,0,0,0,0,0,0,0,0,0,0
i8-80444,Джинсы бананы белые,405580950,Джинсы,I8-DENIM,31,583852005,Остальные,0,0,0,0,0,0,0,0,0,0
i8-80444,Джинсы бананы белые,405580950,Джинсы,I8-DENIM,31,583852005,СК Тверь Эммаусское WB,0,0,0,0,0,0,0,0,0,0
i8-80444,Джинсы бананы белые,405580950,Джинсы,I8-DENIM,31,583852005,СЦ Хабаровск,0,0,0,0,0,0,0,0,0,0
i8-80444,Джинсы бананы белые,405580950,Джинсы,I8-DENIM,31,583852005,Тула,1,1,1,0,0,0,0,0,0,0
i8-80444,Джинсы бананы белые,405580950,Джинсы,I8-DENIM,31,583852005,Челябинск,0,0,0,0,0,0,0,0,0,0
i8-80444,Джинсы бананы белые,405580950,Джинсы,I8-DENIM,32,583852006,Владимир WB,0,0,1,1,1,1,2,2,2,2
i8-80444,Джинсы бананы белые,405580950,Джинсы,I8-DENIM,32,583852006,Воронеж WB,0,1,0,0,0,0,0,0,0,0
i8-80444,Джинсы бананы белые,405580950,Джинсы,I8-DENIM,32,583852006,Коледино,0,0,2,2,2,1,0,0,0,0
i8-80444,Джинсы бананы белые,405580950,Джинсы,I8-DENIM,32,583852006,Невинномысск,0,1,0,0,0,1,1,1,1,1
i8-80444,Джинсы бананы белые,405580950,Джинсы,I8-DENIM,32,583852006,Новосемейкино,4,4,4,3,3,3,3,3,3,3
i8-80444,Джинсы бананы белые,405580950,Джинсы,I8-DENIM,32,583852006,Остальные,0,0,0,0,0,0,0,0,0,0
i8-80444,Джинсы бананы белые,405580950,Джинсы,I8-DENIM,32,583852006,Пенза WB,0,0,0,0,1,1,1,1,1,1
i8-80444,Джинсы бананы белые,405580950,Джинсы,I8-DENIM,32,583852006,"Пятигорск, Этока",0,0,0,0,0,0,0,0,0,0
i8-80444,Джинсы бананы белые,405580950,Джинсы,I8-DENIM,32,583852006,Рязань (Тюшевское),0,0,0,0,0,0,0,0,0,0
i8-80444,Джинсы бананы белые,405580950,Джинсы,I8-DENIM,32,583852006,СК Тверь Эммаусское WB,0,0,0,0,0,1,1,1,1,1
i8-80444,Джинсы бананы белые,405580950,Джинсы,I8-DENIM,32,583852006,Склад СПБ Шушары Московское,0,0,0,0,0,0,0,0,0,0
i8-80444,Джинсы бананы белые,405580950,Джинсы,I8-DENIM,32,583852006,Софьино,0,0,0,0,0,0,0,0,0,0
i8-80444,Джинсы бананы белые,405580950,Джинсы,I8-DENIM,32,583852006,Тула,1,1,0,0,0,0,0,0,0,0
i8-80444,Джинсы бананы белые,405580950,Джинсы,I8-DENIM,33,583852007,Владивосток WB,0,1,0,0,0,0,0,0,0,0
i8-80444,Джинсы бананы белые,405580950,Джинсы,I8-DENIM,33,583852007,Воронеж WB,0,0,0,0,0,0,0,0,0,0
i8-80444,Джинсы бананы белые,405580950,Джинсы,I8-DENIM,33,583852007,Казань,0,0,0,0,0,1,0,0,0,0
i8-80444,Джинсы бананы белые,405580950,Джинсы,I8-DENIM,33,583852007,Коледино,1,0,0,0,0,0,0,0,0,0
i8-80444,Джинсы бананы белые,405580950,Джинсы,I8-DENIM,33,583852007,Котовск,0,0,0,0,0,0,0,0,0,0
i8-80444,Джинсы бананы белые,405580950,Джинсы,I8-DENIM,33,583852007,Новосемейкино,0,0,0,0,0,0,0,0,1,1
i8-80444,Джинсы бананы белые,405580950,Джинсы,I8-DENIM,33,583852007,Остальные,0,0,0,0,0,0,0,0,0,0
i8-80444,Джинсы бананы белые,405580950,Джинсы,I8-DENIM,33,583852007,склад продавца Иркутск,0,0,0,0,0,0,0,0,0,0
i8-80444,Джинсы бананы белые,405580950,Джинсы,I8-DENIM,34,583852008,Воронеж WB,1,1,0,0,0,0,0,0,0,0
i8-80444,Джинсы бананы белые,405580950,Джинсы,I8-DENIM,34,583852008,Екатеринбург - Перспективная 14,1,1,0,0,0,0,0,0,0,0
i8-80444,Джинсы бананы белые,405580950,Джинсы,I8-DENIM,34,583852008,Новосемейкино,0,0,0,0,0,0,0,0,1,1
i8-80444,Джинсы бананы белые,405580950,Джинсы,I8-DENIM,34,583852008,Остальные,0,0,0,0,0,0,0,0,0,0
i8-80444,Джинсы бананы белые,405580950,Джинсы,I8-DENIM,34,583852008,Рязань (Тюшевское),0,0,0,0,0,0,0,0,0,0
i8-80444,Джинсы бананы белые,405580950,Джинсы,I8-DENIM,34,583852008,Сарапул WB,0,0,0,0,0,0,0,0,0,0
i8-80444,Джинсы бананы белые,405580950,Джинсы,I8-DENIM,34,583852008,Склад СПБ Шушары Московское,1,1,1,1,0,0,0,0,0,0
i8-80444,Джинсы бананы белые,405580950,Джинсы,I8-DENIM,34,583852008,Чита,0,0,0,0,0,0,0,0,0,0
i8-80444,Джинсы бананы белые,405580950,Джинсы,I8-DENIM,36,583852009,Владимир WB,1,1,1,1,1,1,1,1,1,1
i8-80444,Джинсы бананы белые,405580950,Джинсы,I8-DENIM,36,583852009,Воронеж WB,0,0,0,0,0,1,1,1,1,1
i8-80444,Джинсы бананы белые,405580950,Джинсы,I8-DENIM,36,583852009,Екатеринбург - Перспективная 14,1,1,1,1,0,0,0,0,0,0
i8-80444,Джинсы бананы белые,405580950,Джинсы,I8-DENIM,36,583852009,Коледино,2,1,1,1,1,1,1,0,0,0
i8-80444,Джинсы бананы белые,405580950,Джинсы,I8-DENIM,36,583852009,Краснодар,1,1,1,1,1,1,1,1,1,1
i8-80444,Джинсы бананы белые,405580950,Джинсы,I8-DENIM,36,583852009,Невинномысск,3,3,3,3,3,3,3,3,3,3
i8-80444,Джинсы бананы белые,405580950,Джинсы,I8-DENIM,36,583852009,Новокузнецк WB,0,0,0,0,0,0,0,0,0,0
i8-80444,Джинсы бананы белые,405580950,Джинсы,I8-DENIM,36,583852009,Новосемейкино,11,11,11,11,11,10,10,10,9,8
i8-80444,Джинсы бананы белые,405580950,Джинсы,I8-DENIM,36,583852009,Остальные,0,0,0,0,0,0,0,0,0,0
i8-80444,Джинсы бананы белые,405580950,Джинсы,I8-DENIM,36,583852009,Рязань (Тюшевское),0,0,0,0,0,0,1,1,1,1
i8-80444,Джинсы бананы белые,405580950,Джинсы,I8-DENIM,36,583852009,Сарапул WB,0,0,1,1,1,1,1,1,1,1
i8-80444,Джинсы бананы белые,405580950,Джинсы,I8-DENIM,36,583852009,Склад СПБ Шушары Московское,1,1,1,1,1,1,1,1,1,1
i8-80545,Джинсы бананы бежевые,405580951,Джинсы,I8-DENIM,29,583852010,Владимир WB,0,0,0,1,1,0,0,0,1,1
i8-80545,Джинсы бананы бежевые,405580951,Джинсы,I8-DENIM,29,583852010,Воронеж WB,1,0,0,0,0,0,0,0,0,0
i8-80545,Джинсы бананы бежевые,405580951,Джинсы,I8-DENIM,29,583852010,Екатеринбург - Перспективная 14,1,0,0,0,0,0,0,0,0,0
i8-80545,Джинсы бананы бежевые,405580951,Джинсы,I8-DENIM,29,583852010,Казань,0,0,0,0,1,1,0,0,0,0
i8-80545,Джинсы бананы бежевые,405580951,Джинсы,I8-DENIM,29,583852010,Кемерово,0,0,0,0,0,0,0,0,0,0
i8-80545,Джинсы бананы бежевые,405580951,Джинсы,I8-DENIM,29,583852010,Коледино,1,0,0,0,0,0,0,0,0,0
i8-80545,Джинсы бананы бежевые,405580951,Джинсы,I8-DENIM,29,583852010,Котовск,2,0,0,0,0,0,0,0,0,0
i8-80545,Джинсы бананы бежевые,405580951,Джинсы,I8-DENIM,29,583852010,Краснодар,1,0,0,0,0,0,0,0,0,0
i8-80545,Джинсы бананы бежевые,405580951,Джинсы,I8-DENIM,29,583852010,Новосемейкино,0,0,1,0,1,1,0,0,0,0
i8-80545,Джинсы бананы бежевые,405580951,Джинсы,I8-DENIM,29,583852010,Остальные,0,0,0,0,0,0,0,0,0,0
i8-80545,Джинсы бананы бежевые,405580951,Джинсы,I8-DENIM,29,583852010,Сарапул WB,2,0,0,0,0,0,0,0,0,0
i8-80545,Джинсы бананы бежевые,405580951,Джинсы,I8-DENIM,29,583852010,Софьино,0,0,0,0,0,0,0,0,0,0
i8-80545,Джинсы бананы бежевые,405580951,Джинсы,I8-DENIM,30,583852011,Владимир WB,1,1,2,2,2,2,1,1,0,0
i8-80545,Джинсы бананы бежевые,405580951,Джинсы,I8-DENIM,30,583852011,Екатеринбург - Перспективная 14,1,0,0,0,0,0,0,0,0,0
i8-80545,Джинсы бананы бежевые,405580951,Джинсы,I8-DENIM,30,583852011,Кемерово,0,0,0,0,0,0,0,0,0,0
i8-80545,Джинсы бананы бежевые,405580951,Джинсы,I8-DENIM,30,583852011,Котовск,1,0,0,0,0,0,0,0,0,0
i8-80545,Джинсы бананы бежевые,405580951,Джинсы,I8-DENIM,30,583852011,Невинномысск,4,4,4,4,4,4,4,4,4,4
i8-80545,Джинсы бананы бежевые,405580951,Джинсы,I8-DENIM,30,583852011,Новосемейкино,3,3,3,2,1,1,0,0,0,0
i8-80545,Джинсы бананы бежевые,405580951,Джинсы,I8-DENIM,30,583852011,Остальные,0,0,0,0,0,0,0,0,0,0
i8-80545,Джинсы бананы бежевые,405580951,Джинсы,I8-DENIM,30,583852011,СЦ Барнаул,0,0,0,0,0,0,0,0,0,0
i8-80545,Джинсы бананы бежевые,405580951,Джинсы,I8-DENIM,30,583852011,Склад СПБ Шушары Московское,4,4,4,4,4,4,4,4,4,4
i8-80545,Джинсы бананы бежевые,405580951,Джинсы,I8-DENIM,31,583852012,Владимир WB,0,0,0,0,0,0,0,0,0,0
i8-80545,Джинсы бананы бежевые,405580951,Джинсы,I8-DENIM,31,583852012,Кемерово,0,0,0,0,0,0,0,0,0,0
i8-80545,Джинсы бананы бежевые,405580951,Джинсы,I8-DENIM,31,583852012,Коледино,0,0,0,0,0,0,0,0,0,0
i8-80545,Джинсы бананы бежевые,405580951,Джинсы,I8-DENIM,31,583852012,Новосемейкино,3,3,3,1,1,0,0,0,0,0
i8-80545,Джинсы бананы бежевые,405580951,Джинсы,I8-DENIM,31,583852012,Остальные,0,0,0,0,0,0,0,0,0,0
i8-80545,Джинсы бананы бежевые,405580951,Джинсы,I8-DENIM,31,583852012,Склад СПБ Шушары Московское,2,2,2,2,1,1,0,1,1,1
i8-80545,Джинсы бананы бежевые,405580951,Джинсы,I8-DENIM,31,583852012,Тула,0,1,1,0,0,0,0,0,1,0
i8-80545,Джинсы бананы бежевые,405580951,Джинсы,I8-DENIM,31,583852012,Тюмень,0,0,0,0,0,0,0,0,0,0
i8-80545,Джинсы бананы бежевые,405580951,Джинсы,I8-DENIM,32,583852013,Воронеж WB,0,1,0,0,1,1,1,2,2,2
i8-80545,Джинсы бананы бежевые,405580951,Джинсы,I8-DENIM,32,583852013,Екатеринбург - Перспективная 14,0,1,1,1,1,2,2,0,0,0
i8-80545,Джинсы бананы бежевые,405580951,Джинсы,I8-DENIM,32,583852013,Коледино,1,1,1,1,0,0,0,0,0,0
i8-80545,Джинсы бананы бежевые,405580951,Джинсы,I8-DENIM,32,583852013,Котовск,2,0,0,0,0,0,1,1,0,0
i8-80545,Джинсы бананы бежевые,405580951,Джинсы,I8-DENIM,32,583852013,Краснодар,0,1,1,1,1,1,1,1,1,1
i8-80545,Джинсы бананы бежевые,405580951,Джинсы,I8-DENIM,32,583852013,Невинномысск,3,3,3,3,3,3,3,3,3,3
i8-80545,Джинсы бананы бежевые,405580951,Джинсы,I8-DENIM,32,583852013,Новосемейкино,6,6,6,5,5,5,5,5,5,5
i8-80545,Джинсы бананы бежевые,405580951,Джинсы,I8-DENIM,32,583852013,Остальные,0,0,0,0,0,0,0,0,0,0
i8-80545,Джинсы бананы бежевые,405580951,Джинсы,I8-DENIM,32,583852013,Рязань (Тюшевское),2,3,4,4,4,4,4,4,4,4
i8-80545,Джинсы бананы бежевые,405580951,Джинсы,I8-DENIM,32,583852013,СК Ереван,1,1,1,1,1,1,0,0,0,0
i8-80545,Джинсы бананы бежевые,405580951,Джинсы,I8-DENIM,32,583852013,Склад СПБ Шушары Московское,3,3,3,3,3,3,3,3,3,3
i8-80545,Джинсы бананы бежевые,405580951,Джинсы,I8-DENIM,32,583852013,Тула,1,2,2,2,2,2,2,2,2,1
i8-80545,Джинсы бананы бежевые,405580951,Джинсы,I8-DENIM,32,583852013,Уфа,0,0,0,0,0,0,0,0,0,0
i8-80545,Джинсы бананы бежевые,405580951,Джинсы,I8-DENIM,32,583852013,Электросталь,5,0,0,0,6,6,6,6,6,6
i8-80545,Джинсы бананы бежевые,405580951,Джинсы,I8-DENIM,33,583852014,Воронеж WB,1,1,2,2,1,1,1,1,2,2
i8-80545,Джинсы бананы бежевые,405580951,Джинсы,I8-DENIM,33,583852014,Екатеринбург - Перспективная 14,0,0,0,1,1,1,1,0,0,0
i8-80545,Джинсы бананы бежевые,405580951,Джинсы,I8-DENIM,33,583852014,Коледино,1,1,2,2,1,1,0,0,0,1
i8-80545,Джинсы бананы бежевые,405580951,Джинсы,I8-DENIM,33,583852014,Котовск,2,0,0,0,0,0,1,0,0,0
i8-80545,Джинсы бананы бежевые,405580951,Джинсы,I8-DENIM,33,583852014,Краснодар,2,2,1,1,1,1,1,1,1,1
i8-80545,Джинсы бананы бежевые,405580951,Джинсы,I8-DENIM,33,583852014,Новосемейкино,3,3,3,3,3,3,3,2,1,0
i8-80545,Джинсы бананы бежевые,405580951,Джинсы,I8-DENIM,33,583852014,Остальные,0,0,0,0,0,0,0,0,0,0
i8-80545,Джинсы бананы бежевые,405580951,Джинсы,I8-DENIM,33,583852014,Рязань (Тюшевское),0,0,0,0,0,0,0,1,0,0
i8-80545,Джинсы бананы бежевые,405580951,Джинсы,I8-DENIM,33,583852014,Склад СПБ Шушары Московское,1,1,1,1,1,1,1,1,1,1
i8-80545,Джинсы бананы бежевые,405580951,Джинсы,I8-DENIM,34,583852015,Владимир WB,0,0,1,0,0,0,0,2,2,1
i8-80545,Джинсы бананы бежевые,405580951,Джинсы,I8-DENIM,34,583852015,Волгоград,0,0,0,0,0,0,0,0,0,0
i8-80545,Джинсы бананы бежевые,405580951,Джинсы,I8-DENIM,34,583852015,Екатеринбург - Перспективная 14,0,0,0,1,0,0,1,1,0,0
i8-80545,Джинсы бананы бежевые,405580951,Джинсы,I8-DENIM,34,583852015,Казань,0,0,0,0,0,0,0,1,1,1
i8-80545,Джинсы бананы бежевые,405580951,Джинсы,I8-DENIM,34,583852015,Краснодар,1,0,0,0,0,0,0,0,0,0
i8-80545,Джинсы бананы бежевые,405580951,Джинсы,I8-DENIM,34,583852015,Невинномысск,1,0,0,0,0,1,1,1,1,1
i8-80545,Джинсы бананы бежевые,405580951,Джинсы,I8-DENIM,34,583852015,Новосемейкино,0,0,0,0,0,0,1,0,0,0
i8-80545,Джинсы бананы бежевые,405580951,Джинсы,I8-DENIM,34,583852015,Остальные,0,0,0,0,0,0,0,0,0,0
i8-80545,Джинсы бананы бежевые,405580951,Джинсы,I8-DENIM,34,583852015,Рязань (Тюшевское),0,0,0,0,0,0,0,1,0,0
i8-80545,Джинсы бананы бежевые,405580951,Джинсы,I8-DENIM,34,583852015,Тула,0,0,0,0,1,0,0,0,0,0
i8-80545,Джинсы бананы бежевые,405580951,Джинсы,I8-DENIM,36,583852016,Белая дача,0,0,0,0,0,0,0,0,0,0
i8-80545,Джинсы бананы бежевые,405580951,Джинсы,I8-DENIM,36,583852016,Владимир WB,3,2,2,2,2,2,3,3,4,4
i8-80545,Джинсы бананы бежевые,405580951,Джинсы,I8-DENIM,36,583852016,Волгоград,2,2,2,2,2,2,2,2,1,1
i8-80545,Джинсы бананы бежевые,405580951,Джинсы,I8-DENIM,36,583852016,Екатеринбург - Перспективная 14,1,1,1,1,1,1,2,2,2,2
i8-80545,Джинсы бананы бежевые,405580951,Джинсы,I8-DENIM,36,583852016,Казань,1,1,1,1,1,1,1,1,1,1
i8-80545,Джинсы бананы бежевые,405580951,Джинсы,I8-DENIM,36,583852016,Краснодар,2,2,2,2,2,2,2,2,2,2
i8-80545,Джинсы бананы бежевые,405580951,Джинсы,I8-DENIM,36,583852016,Невинномысск,3,3,3,3,3,3,3,3,3,3
i8-80545,Джинсы бананы бежевые,405580951,Джинсы,I8-DENIM,36,583852016,Новосемейкино,3,3,3,3,3,3,3,3,3,3
i8-80545,Джинсы бананы бежевые,405580951,Джинсы,I8-DENIM,36,583852016,Остальные,0,0,0,0,0,0,0,0,0,0
i8-80545,Джинсы бананы бежевые,405580951,Джинсы,I8-DENIM,36,583852016,Пенза WB,1,1,1,1,1,1,1,1,1,1
i8-80545,Джинсы бананы бежевые,405580951,Джинсы,I8-DENIM,36,583852016,Рязань (Тюшевское),2,2,2,1,1,1,0,0,0,0
i8-80545,Джинсы бананы бежевые,405580951,Джинсы,I8-DENIM,36,583852016,СК Ереван,1,1,1,1,1,1,1,1,1,1
i8-80545,Джинсы бананы бежевые,405580951,Джинсы,I8-DENIM,36,583852016,Склад СПБ Шушары Московское,2,2,2,2,2,2,2,2,2,2
i8-80545,Джинсы бананы бежевые,405580951,Джинсы,I8-DENIM,36,583852016,Электросталь,2,0,0,0,2,2,2,2,2,2
i8-80442,Джинсы бананы,405580952,Джинсы,I8-DENIM,29,583852017,Воронеж WB,1,1,1,1,1,1,1,1,1,1
i8-80442,Джинсы бананы,405580952,Джинсы,I8-DENIM,29,583852017,Краснодар,1,1,1,1,1,1,1,1,1,1
i8-80442,Джинсы бананы,405580952,Джинсы,I8-DENIM,29,583852017,Рязань (Тюшевское),1,1,1,1,1,1,1,1,1,1
i8-80442,Джинсы бананы,405580952,Джинсы,I8-DENIM,32,583852020,Остальные,0,0,0,0,0,0,0,0,0,0
i8-80442,Джинсы бананы,405580952,Джинсы,I8-DENIM,33,583852021,Воронеж WB,1,1,1,1,1,1,1,1,1,1
i8-80442,Джинсы бананы,405580952,Джинсы,I8-DENIM,33,583852021,Казань,1,1,1,1,1,1,1,1,1,1
i8-80442,Джинсы бананы,405580952,Джинсы,I8-DENIM,33,583852021,Сарапул WB,1,1,1,1,1,1,1,1,1,1
i8-80442,Джинсы бананы,405580952,Джинсы,I8-DENIM,34,583852022,Екатеринбург - Перспективная 14,0,0,0,0,1,1,1,1,1,1
i8-80442,Джинсы бананы,405580952,Джинсы,I8-DENIM,34,583852022,Остальные,0,0,0,0,0,0,0,0,0,0
i8-80442,Джинсы бананы,405580952,Джинсы,I8-DENIM,34,583852022,Рязань (Тюшевское),1,1,1,1,1,1,1,1,1,1
i8-80442,Джинсы бананы,405580952,Джинсы,I8-DENIM,36,583852023,Екатеринбург - Перспективная 14,0,0,0,0,1,1,1,1,1,1
i8-80442,Джинсы бананы,405580952,Джинсы,I8-DENIM,36,583852023,Остальные,0,0,0,0,0,0,0,0,0,0
i8-80452,Джинсы широкие багги,405580953,Джинсы,I8-DENIM,29,583852024,Котовск,1,0,0,0,0,0,0,0,0,0
i8-80452,Джинсы широкие багги,405580953,Джинсы,I8-DENIM,29,583852024,Пенза WB,1,1,1,1,1,1,1,1,1,1
i8-80452,Джинсы широкие багги,405580953,Джинсы,I8-DENIM,30,583852025,Екатеринбург - Перспективная 14,1,1,1,1,1,1,1,1,1,1
i8-80452,Джинсы широкие багги,405580953,Джинсы,I8-DENIM,30,583852025,Невинномысск,1,1,1,1,1,1,1,1,1,1
i8-80452,Джинсы широкие багги,405580953,Джинсы,I8-DENIM,30,583852025,Склад СПБ Шушары Московское,1,1,1,1,1,1,1,1,1,1
i8-80452,Джинсы широкие багги,405580953,Джинсы,I8-DENIM,30,583852025,Тула,1,1,1,1,1,1,1,1,1,1
i8-80452,Джинсы широкие багги,405580953,Джинсы,I8-DENIM,31,583852026,Невинномысск,1,1,1,1,1,1,1,1,1,1
i8-80452,Джинсы широкие багги,405580953,Джинсы,I8-DENIM,31,583852026,Рязань (Тюшевское),1,1,1,1,1,1,1,1,1,1
i8-80452,Джинсы широкие багги,405580953,Джинсы,I8-DENIM,31,583852026,Электросталь,1,0,0,0,1,1,1,1,1,1
i8-80452,Джинсы широкие багги,405580953,Джинсы,I8-DENIM,32,583852027,Краснодар,1,1,1,1,1,1,1,1,1,1
i8-80452,Джинсы широкие багги,405580953,Джинсы,I8-DENIM,33,583852028,Владивосток WB,1,1,1,1,1,1,1,1,1,1
i8-80452,Джинсы широкие багги,405580953,Джинсы,I8-DENIM,36,583852030,Екатеринбург - Перспективная 14,1,1,1,1,0,0,0,0,0,0
i8-80452,Джинсы широкие багги,405580953,Джинсы,I8-DENIM,36,583852030,Котовск,1,0,0,0,0,0,0,0,0,0
i8-80455,Джинсы широкие багги,405580955,Джинсы,I8-DENIM,30,583852039,Невинномысск,0,0,0,0,0,0,0,0,0,0
i8-80455,Джинсы широкие багги,405580955,Джинсы,I8-DENIM,30,583852039,Остальные,0,0,0,0,0,0,0,0,0,0
i8-80455,Джинсы широкие багги,405580955,Джинсы,I8-DENIM,31,583852040,Владимир WB,1,1,1,1,1,0,0,0,0,0
i8-80455,Джинсы широкие багги,405580955,Джинсы,I8-DENIM,31,583852040,Волгоград,1,1,1,1,1,1,1,1,1,1
i8-80455,Джинсы широкие багги,405580955,Джинсы,I8-DENIM,31,583852040,Екатеринбург - Перспективная 14,1,1,1,1,1,1,1,1,1,1
i8-80455,Джинсы широкие багги,405580955,Джинсы,I8-DENIM,31,583852040,Остальные,0,0,0,0,0,0,0,0,0,0
i8-80455,Джинсы широкие багги,405580955,Джинсы,I8-DENIM,32,583852041,Екатеринбург - Перспективная 14,1,1,1,1,1,1,1,1,1,1
i8-80455,Джинсы широкие багги,405580955,Джинсы,I8-DENIM,32,583852041,Коледино,6,6,6,6,6,6,6,6,6,6
i8-80455,Джинсы широкие багги,405580955,Джинсы,I8-DENIM,32,583852041,Невинномысск,1,1,1,1,1,1,1,1,1,1
i8-80455,Джинсы широкие багги,405580955,Джинсы,I8-DENIM,33,583852042,Коледино,1,1,1,1,1,1,1,1,1,1
i8-80455,Джинсы широкие багги,405580955,Джинсы,I8-DENIM,34,583852043,Екатеринбург - Перспективная 14,1,1,1,1,1,1,1,1,1,1
i8-80455,Джинсы широкие багги,405580955,Джинсы,I8-DENIM,34,583852043,Коледино,1,1,1,1,1,1,1,1,1,1
i8-80455,Джинсы широкие багги,405580955,Джинсы,I8-DENIM,34,583852043,Тула,1,1,1,1,1,1,0,0,0,1
i8-80455,Джинсы широкие багги,405580955,Джинсы,I8-DENIM,36,583852044,Коледино,1,1,1,1,1,1,1,1,0,0
i8-80433,Джинсы бананы,405580956,Джинсы,I8-DENIM,29,583852045,Владимир WB,1,1,1,1,1,1,1,1,1,1
i8-80433,Джинсы бананы,405580956,Джинсы,I8-DENIM,29,583852045,Краснодар,1,1,1,1,1,1,1,1,1,1
i8-80433,Джинсы бананы,405580956,Джинсы,I8-DENIM,29,583852045,Новосемейкино,1,1,1,1,1,1,1,1,1,1
i8-80433,Джинсы бананы,405580956,Джинсы,I8-DENIM,30,583852046,Владимир WB,1,1,1,1,1,1,1,1,1,1
i8-80433,Джинсы бананы,405580956,Джинсы,I8-DENIM,30,583852046,Коледино,1,1,1,1,1,1,1,1,1,1
i8-80433,Джинсы бананы,405580956,Джинсы,I8-DENIM,30,583852046,Краснодар,1,1,1,1,1,1,1,1,1,1
i8-80433,Джинсы бананы,405580956,Джинсы,I8-DENIM,30,583852046,Новосемейкино,1,1,1,1,1,1,1,1,1,1
i8-80433,Джинсы бананы,405580956,Джинсы,I8-DENIM,31,583852047,Волгоград,1,1,1,1,1,1,1,1,1,1
i8-80433,Джинсы бананы,405580956,Джинсы,I8-DENIM,31,583852047,Краснодар,2,2,2,2,2,2,2,2,2,2
i8-80433,Джинсы бананы,405580956,Джинсы,I8-DENIM,31,583852047,Электросталь,1,0,0,0,1,1,1,1,1,1
i8-80433,Джинсы бананы,405580956,Джинсы,I8-DENIM,32,583852048,Волгоград,1,1,1,1,1,1,1,1,1,1
i8-80433,Джинсы бананы,405580956,Джинсы,I8-DENIM,32,583852048,Екатеринбург - Перспективная 14,4,4,4,4,4,4,4,4,4,4
i8-80433,Джинсы бананы,405580956,Джинсы,I8-DENIM,32,583852048,Коледино,5,5,5,5,5,5,5,5,5,5
i8-80433,Джинсы бананы,405580956,Джинсы,I8-DENIM,32,583852048,Краснодар,3,3,3,3,3,3,3,3,3,3
i8-80433,Джинсы бананы,405580956,Джинсы,I8-DENIM,32,583852048,Тула,1,1,1,1,1,1,1,1,1,1
i8-80433,Джинсы бананы,405580956,Джинсы,I8-DENIM,33,583852049,Рязань (Тюшевское),1,1,1,1,1,1,1,1,1,1
i8-80433,Джинсы бананы,405580956,Джинсы,I8-DENIM,34,583852050,Краснодар,3,3,3,3,3,3,3,3,3,3
i8-80433,Джинсы бананы,405580956,Джинсы,I8-DENIM,34,583852050,Сарапул WB,1,1,1,1,1,1,1,1,1,1
i8-80433,Джинсы бананы,405580956,Джинсы,I8-DENIM,34,583852050,Склад СПБ Шушары Московское,1,1,1,1,1,1,1,1,1,1
i8-80433,Джинсы бананы,405580956,Джинсы,I8-DENIM,36,583852051,Екатеринбург - Перспективная 14,1,1,1,1,1,1,1,1,1,1
i8-80433,Джинсы бананы,405580956,Джинсы,I8-DENIM,36,583852051,Коледино,2,2,2,2,2,2,2,2,2,2
i8-80433,Джинсы бананы,405580956,Джинсы,I8-DENIM,36,583852051,Котовск,1,0,0,0,0,0,0,0,0,0
i8-80433,Джинсы бананы,405580956,Джинсы,I8-DENIM,36,583852051,Склад СПБ Шушары Московское,1,1,1,1,1,1,1,1,1,1
i8-80433,Джинсы бананы,405580956,Джинсы,I8-DENIM,36,583852051,Электросталь,1,0,0,0,1,1,1,1,1,1
i8-EG1001-GR,Джинсы широкие багги,405585729,Джинсы,I8-DENIM,29,583857528,Екатеринбург - Перспективная 14,0,0,0,0,0,0,0,0,1,1
i8-EG1001-GR,Джинсы широкие багги,405585729,Джинсы,I8-DENIM,29,583857528,Тула,0,0,0,0,0,0,0,0,0,0
i8-EG1001-GR,Джинсы широкие багги,405585729,Джинсы,I8-DENIM,30,583857529,Коледино,2,2,2,2,2,2,2,2,2,2
i8-EG1001-GR,Джинсы широкие багги,405585729,Джинсы,I8-DENIM,30,583857529,Невинномысск,1,1,1,1,1,1,1,1,1,1
i8-EG1001-GR,Джинсы широкие багги,405585729,Джинсы,I8-DENIM,30,583857529,Склад СПБ Шушары Московское,1,1,1,1,1,1,1,1,1,1
i8-EG1001-GR,Джинсы широкие багги,405585729,Джинсы,I8-DENIM,30,583857529,Электросталь,0,0,0,0,0,0,0,0,0,0
i8-EG1001-GR,Джинсы широкие багги,405585729,Джинсы,I8-DENIM,31,583857530,Коледино,1,1,1,1,1,1,1,1,1,0
i8-EG1001-GR,Джинсы широкие багги,405585729,Джинсы,I8-DENIM,31,583857530,Невинномысск,0,0,0,0,0,1,1,1,1,1
i8-EG1001-GR,Джинсы широкие багги,405585729,Джинсы,I8-DENIM,31,583857530,Электросталь,1,0,0,0,1,1,1,1,1,1
i8-EG1001-GR,Джинсы широкие багги,405585729,Джинсы,I8-DENIM,32,583857531,Екатеринбург - Перспективная 14,1,1,1,1,1,1,1,1,1,1
i8-EG1001-GR,Джинсы широкие багги,405585729,Джинсы,I8-DENIM,32,583857531,Коледино,1,1,1,1,1,1,1,1,1,1
i8-EG1001-GR,Джинсы широкие багги,405585729,Джинсы,I8-DENIM,32,583857531,Краснодар,1,1,1,1,1,1,1,1,1,1
i8-EG1001-GR,Джинсы широкие багги,405585729,Джинсы,I8-DENIM,32,583857531,Пенза WB,1,1,1,1,1,1,1,1,1,1
i8-EG1001-GR,Джинсы широкие багги,405585729,Джинсы,I8-DENIM,32,583857531,Тула,1,1,1,1,1,1,1,1,1,1
i8-EG1001-GR,Джинсы широкие багги,405585729,Джинсы,I8-DENIM,32,583857531,Электросталь,1,0,0,0,1,1,1,1,1,1
i8-EG1001-GR,Джинсы широкие багги,405585729,Джинсы,I8-DENIM,33,583857532,Волгоград,1,1,1,1,1,1,1,1,1,1
i8-EG1001-GR,Джинсы широкие багги,405585729,Джинсы,I8-DENIM,33,583857532,Екатеринбург - Перспективная 14,1,1,1,1,1,1,1,1,1,1
i8-EG1001-GR,Джинсы широкие багги,405585729,Джинсы,I8-DENIM,33,583857532,Новосемейкино,1,1,1,1,1,1,1,1,1,1
i8-EG1001-GR,Джинсы широкие багги,405585729,Джинсы,I8-DENIM,33,583857532,Электросталь,2,0,0,0,2,2,2,2,2,2
i8-EG1001-GR,Джинсы широкие багги,405585729,Джинсы,I8-DENIM,34,583857533,Екатеринбург - Перспективная 14,1,1,1,1,1,1,1,1,1,1
i8-EG1001-GR,Джинсы широкие багги,405585729,Джинсы,I8-DENIM,34,583857533,Котовск,1,0,0,0,0,0,0,0,0,0
i8-EG1001-GR,Джинсы широкие багги,405585729,Джинсы,I8-DENIM,34,583857533,Краснодар,1,1,1,1,1,1,1,1,1,1
i8-EG1001-GR,Джинсы широкие багги,405585729,Джинсы,I8-DENIM,34,583857533,Новосемейкино,1,1,1,1,1,1,1,1,1,1
i8-EG1001-GR,Джинсы широкие багги,405585729,Джинсы,I8-DENIM,34,583857533,Сарапул WB,1,1,1,1,1,1,1,1,1,1
i8-NS001,Джинсы багги широкие прямые y2k,532183396,Джинсы,I8-DENIM,25,733053543,Астана Карагандинское шоссе,1,1,1,1,1,1,1,1,1,1
i8-NS001,Джинсы багги широкие прямые y2k,532183396,Джинсы,I8-DENIM,25,733053543,Владивосток WB,1,1,1,1,1,1,1,1,1,1
i8-NS001,Джинсы багги широкие прямые y2k,532183396,Джинсы,I8-DENIM,25,733053543,Екатеринбург - Перспективная 14,1,1,1,1,0,0,0,0,0,0
i8-NS001,Джинсы багги широкие прямые y2k,532183396,Джинсы,I8-DENIM,25,733053543,Коледино,1,1,1,1,1,1,1,1,1,1
i8-NS001,Джинсы багги широкие прямые y2k,532183396,Джинсы,I8-DENIM,25,733053543,Новосемейкино,1,1,1,1,1,1,1,1,1,1
i8-NS001,Джинсы багги широкие прямые y2k,532183396,Джинсы,I8-DENIM,25,733053543,Остальные,0,0,0,0,0,0,0,0,0,0
i8-NS001,Джинсы багги широкие прямые y2k,532183396,Джинсы,I8-DENIM,26,733053544,Волгоград,1,1,1,1,1,1,1,1,1,1
i8-NS001,Джинсы багги широкие прямые y2k,532183396,Джинсы,I8-DENIM,26,733053544,Екатеринбург - Перспективная 14,1,1,1,1,1,1,1,1,1,1
i8-NS001,Джинсы багги широкие прямые y2k,532183396,Джинсы,I8-DENIM,26,733053544,Казань,1,1,1,1,1,1,1,1,1,1
i8-NS001,Джинсы багги широкие прямые y2k,532183396,Джинсы,I8-DENIM,26,733053544,Коледино,2,2,2,2,2,2,2,2,2,2
i8-NS001,Джинсы багги широкие прямые y2k,532183396,Джинсы,I8-DENIM,26,733053544,Сарапул WB,1,1,1,1,1,1,1,1,1,1
i8-NS001,Джинсы багги широкие прямые y2k,532183396,Джинсы,I8-DENIM,26,733053544,Электросталь,1,0,0,0,1,1,1,1,1,1
i8-NS001,Джинсы багги широкие прямые y2k,532183396,Джинсы,I8-DENIM,27,733053545,Астана Карагандинское шоссе,1,1,1,1,1,1,1,1,1,1
i8-NS001,Джинсы багги широкие прямые y2k,532183396,Джинсы,I8-DENIM,27,733053545,Владимир WB,1,1,1,1,1,1,1,1,1,1
i8-NS001,Джинсы багги широкие прямые y2k,532183396,Джинсы,I8-DENIM,27,733053545,Екатеринбург - Перспективная 14,1,1,1,1,1,1,1,1,1,1
i8-NS001,Джинсы багги широкие прямые y2k,532183396,Джинсы,I8-DENIM,27,733053545,Коледино,2,2,2,2,2,2,2,2,2,2
i8-NS001,Джинсы багги широкие прямые y2k,532183396,Джинсы,I8-DENIM,27,733053545,Новосемейкино,1,1,1,1,1,1,1,1,1,1
i8-NS001,Джинсы багги широкие прямые y2k,532183396,Джинсы,I8-DENIM,27,733053545,Склад СПБ Шушары Московское,1,1,1,1,1,1,1,1,1,1
i8-NS001,Джинсы багги широкие прямые y2k,532183396,Джинсы,I8-DENIM,28,733053546,Абакан 2,0,0,0,0,0,0,0,0,0,0
i8-NS001,Джинсы багги широкие прямые y2k,532183396,Джинсы,I8-DENIM,28,733053546,Екатеринбург - Перспективная 14,1,1,1,1,1,1,1,1,1,1
i8-NS001,Джинсы багги широкие прямые y2k,532183396,Джинсы,I8-DENIM,29,733053547,Владимир WB,1,1,1,0,0,0,0,0,0,0
i8-NS001,Джинсы багги широкие прямые y2k,532183396,Джинсы,I8-DENIM,29,733053547,Воронеж WB,0,0,0,0,0,0,0,0,0,0
i8-NS001,Джинсы багги широкие прямые y2k,532183396,Джинсы,I8-DENIM,29,733053547,Остальные,0,0,0,0,0,0,0,0,0,0
i8-NS001,Джинсы багги широкие прямые y2k,532183396,Джинсы,I8-DENIM,30,733053548,Екатеринбург - Перспективная 14,1,1,1,1,1,1,1,1,1,1
i8-NS001,Джинсы багги широкие прямые y2k,532183396,Джинсы,I8-DENIM,30,733053548,Электросталь,1,0,0,0,1,1,1,1,1,1
i8-NS002,Джинсы багги широкие прямые y2k,532183397,Джинсы,I8-DENIM,25,733053549,Краснодар,1,1,1,1,1,1,1,1,1,1
i8-NS002,Джинсы багги широкие прямые y2k,532183397,Джинсы,I8-DENIM,25,733053549,Новосемейкино,2,2,2,2,2,2,2,2,2,2
i8-NS002,Джинсы багги широкие прямые y2k,532183397,Джинсы,I8-DENIM,25,733053549,Тула,1,1,1,1,1,1,1,1,1,1
i8-NS002,Джинсы багги широкие прямые y2k,532183397,Джинсы,I8-DENIM,25,733053549,Электросталь,1,0,0,0,1,1,1,1,1,1
i8-NS002,Джинсы багги широкие прямые y2k,532183397,Джинсы,I8-DENIM,26,733053550,Коледино,1,1,1,1,1,1,1,1,1,1
i8-NS002,Джинсы багги широкие прямые y2k,532183397,Джинсы,I8-DENIM,26,733053550,Краснодар,1,1,1,1,1,1,1,1,1,1
i8-NS002,Джинсы багги широкие прямые y2k,532183397,Джинсы,I8-DENIM,26,733053550,Новосемейкино,1,1,1,1,1,1,1,1,1,1
i8-NS002,Джинсы багги широкие прямые y2k,532183397,Джинсы,I8-DENIM,26,733053550,Рязань (Тюшевское),1,1,1,1,1,1,1,1,1,1
i8-NS002,Джинсы багги широкие прямые y2k,532183397,Джинсы,I8-DENIM,26,733053550,Электросталь,1,0,0,0,1,1,1,1,1,1
i8-NS002,Джинсы багги широкие прямые y2k,532183397,Джинсы,I8-DENIM,27,733053551,Владимир WB,1,1,1,1,1,1,1,1,1,1
i8-NS002,Джинсы багги широкие прямые y2k,532183397,Джинсы,I8-DENIM,27,733053551,Коледино,1,1,1,1,1,1,1,1,1,1
i8-NS002,Джинсы багги широкие прямые y2k,532183397,Джинсы,I8-DENIM,28,733053552,Волгоград,1,1,1,1,1,1,1,1,1,1
i8-NS002,Джинсы багги широкие прямые y2k,532183397,Джинсы,I8-DENIM,28,733053552,Воронеж WB,1,1,1,1,1,1,1,1,1,1
i8-NS002,Джинсы багги широкие прямые y2k,532183397,Джинсы,I8-DENIM,28,733053552,Екатеринбург - Перспективная 14,1,1,1,1,1,1,1,1,1,1
i8-NS002,Джинсы багги широкие прямые y2k,532183397,Джинсы,I8-DENIM,28,733053552,Казань,1,1,1,1,1,1,1,1,1,1
i8-NS002,Джинсы багги широкие прямые y2k,532183397,Джинсы,I8-DENIM,29,733053553,Екатеринбург - Перспективная 14,1,1,1,1,1,1,1,1,1,1
i8-NS002,Джинсы багги широкие прямые y2k,532183397,Джинсы,I8-DENIM,29,733053553,Коледино,1,1,1,1,0,0,0,0,0,0
i8-NS002,Джинсы багги широкие прямые y2k,532183397,Джинсы,I8-DENIM,29,733053553,Невинномысск,1,1,1,1,1,1,1,1,1,1
i8-NS002,Джинсы багги широкие прямые y2k,532183397,Джинсы,I8-DENIM,29,733053553,Остальные,0,0,0,0,0,0,0,0,0,0
i8-NS002,Джинсы багги широкие прямые y2k,532183397,Джинсы,I8-DENIM,29,733053553,Сарапул WB,1,1,1,1,1,1,1,1,1,1
i8-NS002,Джинсы багги широкие прямые y2k,532183397,Джинсы,I8-DENIM,30,733053554,Екатеринбург - Перспективная 14,1,1,1,1,1,1,1,1,1,1
i8-NS002,Джинсы багги широкие прямые y2k,532183397,Джинсы,I8-DENIM,30,733053554,Калининград,1,1,1,1,1,1,1,1,1,1
i8-NS002,Джинсы багги широкие прямые y2k,532183397,Джинсы,I8-DENIM,30,733053554,Новосемейкино,1,1,1,1,1,1,1,1,1,1
i8-NS002,Джинсы багги широкие прямые y2k,532183397,Джинсы,I8-DENIM,30,733053554,Тула,1,1,1,1,1,1,1,1,1,1
i8-NS003,Джинсы багги широкие прямые y2k,532183398,Джинсы,I8-DENIM,25,733053555,Екатеринбург - Перспективная 14,1,1,1,1,1,1,1,1,1,1
i8-NS003,Джинсы багги широкие прямые y2k,532183398,Джинсы,I8-DENIM,25,733053555,Новосемейкино,1,1,1,1,1,1,1,1,1,1
i8-NS003,Джинсы багги широкие прямые y2k,532183398,Джинсы,I8-DENIM,25,733053555,Рязань (Тюшевское),1,1,1,1,1,1,1,1,1,1
i8-NS003,Джинсы багги широкие прямые y2k,532183398,Джинсы,I8-DENIM,26,733053556,Воронеж WB,1,1,1,1,1,1,1,1,1,1
i8-NS003,Джинсы багги широкие прямые y2k,532183398,Джинсы,I8-DENIM,26,733053556,Екатеринбург - Перспективная 14,1,1,1,1,1,1,1,1,1,1
i8-NS003,Джинсы багги широкие прямые y2k,532183398,Джинсы,I8-DENIM,26,733053556,Новосемейкино,2,2,2,2,2,2,2,2,2,2
i8-NS003,Джинсы багги широкие прямые y2k,532183398,Джинсы,I8-DENIM,26,733053556,Электросталь,1,0,0,0,1,1,1,1,1,1
i8-NS003,Джинсы багги широкие прямые y2k,532183398,Джинсы,I8-DENIM,27,733053557,Екатеринбург - Перспективная 14,1,1,1,1,1,1,1,1,1,1
i8-NS003,Джинсы багги широкие прямые y2k,532183398,Джинсы,I8-DENIM,27,733053557,Коледино,2,2,2,2,2,2,2,2,2,2
i8-NS003,Джинсы багги широкие прямые y2k,532183398,Джинсы,I8-DENIM,27,733053557,Краснодар,1,1,1,1,1,1,1,1,1,1
i8-NS003,Джинсы багги широкие прямые y2k,532183398,Джинсы,I8-DENIM,27,733053557,Пенза WB,1,1,1,1,1,1,1,1,1,1
i8-NS003,Джинсы багги широкие прямые y2k,532183398,Джинсы,I8-DENIM,27,733053557,Рязань (Тюшевское),1,1,1,1,1,1,1,1,1,1
i8-NS003,Джинсы багги широкие прямые y2k,532183398,Джинсы,I8-DENIM,27,733053557,Сарапул WB,1,1,1,1,1,1,1,1,1,1
i8-NS003,Джинсы багги широкие прямые y2k,532183398,Джинсы,I8-DENIM,28,733053558,Коледино,0,0,0,0,0,0,0,0,1,1
i8-NS003,Джинсы багги широкие прямые y2k,532183398,Джинсы,I8-DENIM,28,733053558,Пенза WB,1,1,1,1,1,1,1,1,1,1
i8-NS003,Джинсы багги широкие прямые y2k,532183398,Джинсы,I8-DENIM,28,733053558,Тула,1,1,1,1,1,0,0,0,0,0
i8-NS003,Джинсы багги широкие прямые y2k,532183398,Джинсы,I8-DENIM,29,733053559,Владивосток WB,1,1,1,1,1,1,1,1,1,1
i8-NS003,Джинсы багги широкие прямые y2k,532183398,Джинсы,I8-DENIM,29,733053559,Тула,1,1,1,1,1,1,1,1,1,1
i8-NS003,Джинсы багги широкие прямые y2k,532183398,Джинсы,I8-DENIM,30,733053560,Тула,1,1,1,1,1,1,1,1,1,1
i8-NS003,Джинсы багги широкие прямые y2k,532183398,Джинсы,I8-DENIM,30,733053560,Электросталь,1,0,0,0,1,1,1,1,1,1
i8-NS016,Джинсы багги широкие прямые y2k,532183399,Джинсы,I8-DENIM,25,733053561,Невинномысск,1,1,1,1,1,1,1,1,1,1
i8-NS016,Джинсы багги широкие прямые y2k,532183399,Джинсы,I8-DENIM,25,733053561,Остальные,0,0,0,0,0,0,0,0,0,0
i8-NS016,Джинсы багги широкие прямые y2k,532183399,Джинсы,I8-DENIM,25,733053561,Рязань (Тюшевское),1,1,1,1,0,0,0,0,0,0
i8-NS016,Джинсы багги широкие прямые y2k,532183399,Джинсы,I8-DENIM,26,733053562,Владимир WB,0,0,0,0,0,0,0,0,0,0
i8-NS016,Джинсы багги широкие прямые y2k,532183399,Джинсы,I8-DENIM,26,733053562,Новосемейкино,0,0,0,0,0,0,0,0,1,1
i8-NS016,Джинсы багги широкие прямые y2k,532183399,Джинсы,I8-DENIM,27,733053563,Владимир WB,1,1,1,1,1,1,1,1,1,1
i8-NS016,Джинсы багги широкие прямые y2k,532183399,Джинсы,I8-DENIM,27,733053563,Екатеринбург - Перспективная 14,0,0,0,0,0,0,0,0,0,0
i8-NS016,Джинсы багги широкие прямые y2k,532183399,Джинсы,I8-DENIM,27,733053563,Коледино,1,1,1,1,1,1,1,1,1,1
i8-NS016,Джинсы багги широкие прямые y2k,532183399,Джинсы,I8-DENIM,27,733053563,Новосемейкино,0,0,0,0,0,0,0,0,1,1
i8-NS016,Джинсы багги широкие прямые y2k,532183399,Джинсы,I8-DENIM,29,733053565,Астана Карагандинское шоссе,1,1,1,1,1,1,1,1,1,1
i8-NS016,Джинсы багги широкие прямые y2k,532183399,Джинсы,I8-DENIM,29,733053565,Екатеринбург - Перспективная 14,2,2,2,2,2,2,2,2,2,2
i8-NS016,Джинсы багги широкие прямые y2k,532183399,Джинсы,I8-DENIM,29,733053565,Невинномысск,1,1,1,1,0,1,1,1,1,1
i8-NS016,Джинсы багги широкие прямые y2k,532183399,Джинсы,I8-DENIM,30,733053567,Новосемейкино,1,1,1,1,1,1,1,1,1,1
i8-NS016,Джинсы багги широкие прямые y2k,532183399,Джинсы,I8-DENIM,30,733053567,Электросталь,1,0,0,0,1,1,1,1,1,1
i8-NS017,Джинсы багги широкие прямые y2k,532183402,Джинсы,I8-DENIM,25,733053569,Воронеж WB,1,1,1,1,1,1,1,1,1,1
i8-NS017,Джинсы багги широкие прямые y2k,532183402,Джинсы,I8-DENIM,25,733053569,Остальные,0,0,0,0,0,0,0,0,0,0
i8-NS017,Джинсы багги широкие прямые y2k,532183402,Джинсы,I8-DENIM,26,733053570,Воронеж WB,1,1,1,1,1,1,1,1,1,1
i8-NS017,Джинсы багги широкие прямые y2k,532183402,Джинсы,I8-DENIM,26,733053570,Екатеринбург - Перспективная 14,3,3,3,3,3,3,3,3,3,3
i8-NS017,Джинсы багги широкие прямые y2k,532183402,Джинсы,I8-DENIM,26,733053570,Казань,1,1,1,1,1,1,1,1,1,1
i8-NS017,Джинсы багги широкие прямые y2k,532183402,Джинсы,I8-DENIM,27,733053572,Екатеринбург - Перспективная 14,3,3,3,3,3,3,3,3,3,3
i8-NS017,Джинсы багги широкие прямые y2k,532183402,Джинсы,I8-DENIM,27,733053572,Сарапул WB,2,2,2,2,2,2,2,2,2,2
i8-NS017,Джинсы багги широкие прямые y2k,532183402,Джинсы,I8-DENIM,28,733053573,Екатеринбург - Перспективная 14,1,1,1,1,1,1,1,1,1,1
i8-NS017,Джинсы багги широкие прямые y2k,532183402,Джинсы,I8-DENIM,28,733053573,Коледино,1,1,1,1,1,1,1,1,1,1
i8-NS017,Джинсы багги широкие прямые y2k,532183402,Джинсы,I8-DENIM,28,733053573,Остальные,0,0,0,0,0,0,0,0,0,0
i8-NS017,Джинсы багги широкие прямые y2k,532183402,Джинсы,I8-DENIM,28,733053573,Рязань (Тюшевское),2,2,2,2,2,2,2,1,1,1
i8-NS017,Джинсы багги широкие прямые y2k,532183402,Джинсы,I8-DENIM,28,733053573,Тула,1,1,1,1,1,1,1,1,1,1
i8-NS017,Джинсы багги широкие прямые y2k,532183402,Джинсы,I8-DENIM,29,733053574,Екатеринбург - Перспективная 14,1,1,1,1,1,1,1,1,1,1
i8-NS017,Джинсы багги широкие прямые y2k,532183402,Джинсы,I8-DENIM,29,733053574,Коледино,1,1,1,1,1,1,1,0,0,0
i8-NS017,Джинсы багги широкие прямые y2k,532183402,Джинсы,I8-DENIM,29,733053574,Краснодар,1,1,1,1,1,1,1,1,1,1
i8-NS017,Джинсы багги широкие прямые y2k,532183402,Джинсы,I8-DENIM,29,733053574,Остальные,0,0,0,0,0,0,0,0,0,0
i8-NS017,Джинсы багги широкие прямые y2k,532183402,Джинсы,I8-DENIM,29,733053574,Пенза WB,1,1,1,1,1,1,1,1,1,1
i8-NS017,Джинсы багги широкие прямые y2k,532183402,Джинсы,I8-DENIM,29,733053574,Склад СПБ Шушары Московское,1,1,1,1,1,1,1,1,1,1
i8-NS017,Джинсы багги широкие прямые y2k,532183402,Джинсы,I8-DENIM,30,733053576,Екатеринбург - Перспективная 14,1,1,1,1,1,1,1,1,1,1
i8-NS017,Джинсы багги широкие прямые y2k,532183402,Джинсы,I8-DENIM,30,733053576,Невинномысск,1,1,1,1,1,1,1,1,1,1
i8-NS018,Джинсы скейтер широкие прямые y2k,532183406,Джинсы,I8-DENIM,25,733053579,Астана Карагандинское шоссе,1,1,1,1,0,0,0,0,0,0
i8-NS018,Джинсы скейтер широкие прямые y2k,532183406,Джинсы,I8-DENIM,25,733053579,Казань,1,1,1,1,1,1,1,1,1,1
i8-NS018,Джинсы скейтер широкие прямые y2k,532183406,Джинсы,I8-DENIM,25,733053579,Томск,0,0,0,0,0,0,0,0,0,0
i8-NS018,Джинсы скейтер широкие прямые y2k,532183406,Джинсы,I8-DENIM,25,733053579,Тула,1,1,1,1,1,1,1,1,1,1
i8-NS018,Джинсы скейтер широкие прямые y2k,532183406,Джинсы,I8-DENIM,25,733053579,Электросталь,1,0,0,0,1,1,1,1,1,1
i8-NS018,Джинсы скейтер широкие прямые y2k,532183406,Джинсы,I8-DENIM,26,733053581,Новосемейкино,1,1,1,1,1,1,1,1,1,1
i8-NS018,Джинсы скейтер широкие прямые y2k,532183406,Джинсы,I8-DENIM,26,733053581,Тула,1,1,1,1,1,1,1,1,1,1
i8-NS018,Джинсы скейтер широкие прямые y2k,532183406,Джинсы,I8-DENIM,27,733053583,Сарапул WB,1,1,1,1,1,1,1,1,1,1
i8-NS018,Джинсы скейтер широкие прямые y2k,532183406,Джинсы,I8-DENIM,27,733053583,Электросталь,1,0,0,0,1,1,1,1,1,1
i8-NS018,Джинсы скейтер широкие прямые y2k,532183406,Джинсы,I8-DENIM,28,733053584,Екатеринбург - Перспективная 14,1,1,1,1,1,1,1,1,1,1
i8-NS018,Джинсы скейтер широкие прямые y2k,532183406,Джинсы,I8-DENIM,28,733053584,Электросталь,1,0,0,0,1,1,1,1,1,1
i8-NS021,Джинсы скейтер широкие прямые y2k,532183410,Джинсы,I8-DENIM,30,733053592,Краснодар,1,1,1,1,1,1,1,1,1,1
i8-NS021,Джинсы скейтер широкие прямые y2k,532183410,Джинсы,I8-DENIM,30,733053592,Тула,2,2,2,2,2,2,2,2,2,2
i8-NS021,Джинсы скейтер широкие прямые y2k,532183410,Джинсы,I8-DENIM,30,733053592,Электросталь,1,0,0,0,1,1,1,1,1,1
i8-80967,Джинсы бананы зауженные,538158112,Джинсы,I8-DENIM,29,741359874,Астана Карагандинское шоссе,1,1,1,1,1,1,1,1,1,1
i8-80967,Джинсы бананы зауженные,538158112,Джинсы,I8-DENIM,29,741359874,Екатеринбург - Перспективная 14,2,2,2,2,2,2,2,2,2,2
i8-80967,Джинсы бананы зауженные,538158112,Джинсы,I8-DENIM,29,741359874,Коледино,1,1,1,1,1,1,1,1,1,1
i8-80967,Джинсы бананы зауженные,538158112,Джинсы,I8-DENIM,29,741359874,Котовск,10,0,0,0,0,0,0,0,0,0
i8-80967,Джинсы бананы зауженные,538158112,Джинсы,I8-DENIM,29,741359874,Краснодар,4,4,4,4,4,4,4,4,4,4
i8-80967,Джинсы бананы зауженные,538158112,Джинсы,I8-DENIM,29,741359874,Невинномысск,1,1,1,1,1,1,1,1,1,1
i8-80967,Джинсы бананы зауженные,538158112,Джинсы,I8-DENIM,29,741359874,Новосемейкино,5,5,5,5,5,5,5,5,5,5
i8-80967,Джинсы бананы зауженные,538158112,Джинсы,I8-DENIM,30,741359875,Воронеж WB,2,2,2,2,2,2,2,2,2,2
i8-80967,Джинсы бананы зауженные,538158112,Джинсы,I8-DENIM,30,741359875,Екатеринбург - Перспективная 14,2,2,2,2,2,2,2,2,2,2
i8-80967,Джинсы бананы зауженные,538158112,Джинсы,I8-DENIM,30,741359875,Котовск,8,0,0,0,0,0,0,0,0,0
i8-80967,Джинсы бананы зауженные,538158112,Джинсы,I8-DENIM,30,741359875,Краснодар,2,2,2,2,2,2,2,2,2,2
i8-80967,Джинсы бананы зауженные,538158112,Джинсы,I8-DENIM,30,741359875,Невинномысск,1,1,1,1,1,1,1,1,1,1
i8-80967,Джинсы бананы зауженные,538158112,Джинсы,I8-DENIM,30,741359875,Новосемейкино,5,5,5,5,5,5,5,5,5,5
i8-80967,Джинсы бананы зауженные,538158112,Джинсы,I8-DENIM,30,741359875,Сарапул WB,1,1,1,1,1,1,1,1,1,1
i8-80967,Джинсы бананы зауженные,538158112,Джинсы,I8-DENIM,31,741359876,Воронеж WB,1,1,1,1,1,1,1,1,1,1
i8-80967,Джинсы бананы зауженные,538158112,Джинсы,I8-DENIM,31,741359876,Котовск,9,0,0,0,0,0,0,0,0,0
i8-80967,Джинсы бананы зауженные,538158112,Джинсы,I8-DENIM,31,741359876,Краснодар,5,5,5,5,5,5,5,5,5,5
i8-80967,Джинсы бананы зауженные,538158112,Джинсы,I8-DENIM,31,741359876,Новосемейкино,4,4,4,4,4,4,4,4,4,4
i8-80967,Джинсы бананы зауженные,538158112,Джинсы,I8-DENIM,32,741359877,Волгоград,2,2,2,2,2,2,2,2,2,2
i8-80967,Джинсы бананы зауженные,538158112,Джинсы,I8-DENIM,32,741359877,Екатеринбург - Перспективная 14,6,6,6,6,6,6,6,6,6,6
i8-80967,Джинсы бананы зауженные,538158112,Джинсы,I8-DENIM,32,741359877,Котовск,15,0,0,0,0,0,0,0,0,0
i8-80967,Джинсы бананы зауженные,538158112,Джинсы,I8-DENIM,32,741359877,Краснодар,12,12,12,12,12,12,12,12,12,12
i8-80967,Джинсы бананы зауженные,538158112,Джинсы,I8-DENIM,32,741359877,Новосемейкино,7,7,7,7,7,7,7,7,7,7
i8-80967,Джинсы бананы зауженные,538158112,Джинсы,I8-DENIM,33,741359878,Волгоград,1,1,1,1,1,1,1,1,1,1
i8-80967,Джинсы бананы зауженные,538158112,Джинсы,I8-DENIM,33,741359878,Екатеринбург - Перспективная 14,2,2,2,2,2,2,2,2,2,2
i8-80967,Джинсы бананы зауженные,538158112,Джинсы,I8-DENIM,33,741359878,Котовск,7,0,0,0,0,0,0,0,0,0
i8-80967,Джинсы бананы зауженные,538158112,Джинсы,I8-DENIM,33,741359878,Краснодар,2,2,2,2,2,2,2,2,2,2
i8-80967,Джинсы бананы зауженные,538158112,Джинсы,I8-DENIM,33,741359878,Невинномысск,1,1,1,1,1,1,1,1,1,1
i8-80967,Джинсы бананы зауженные,538158112,Джинсы,I8-DENIM,33,741359878,Новосемейкино,3,3,3,3,3,3,3,3,3,3
i8-80967,Джинсы бананы зауженные,538158112,Джинсы,I8-DENIM,33,741359878,Тула,2,2,2,2,2,2,2,2,2,2
i8-80967,Джинсы бананы зауженные,538158112,Джинсы,I8-DENIM,34,741359879,Екатеринбург - Перспективная 14,1,1,1,1,1,1,0,0,0,0
i8-80967,Джинсы бананы зауженные,538158112,Джинсы,I8-DENIM,34,741359879,Краснодар,1,1,1,1,1,1,1,1,1,1
i8-80967,Джинсы бананы зауженные,538158112,Джинсы,I8-DENIM,34,741359879,Остальные,0,0,0,0,0,0,0,0,0,0
i8-80967,Джинсы бананы зауженные,538158112,Джинсы,I8-DENIM,36,741359881,Екатеринбург - Перспективная 14,1,1,1,1,1,1,1,1,0,0
i8-80967,Джинсы бананы зауженные,538158112,Джинсы,I8-DENIM,36,741359881,Казань,0,0,0,0,0,0,0,0,1,1
i8-80967,Джинсы бананы зауженные,538158112,Джинсы,I8-DENIM,36,741359881,Котовск,3,0,0,0,0,0,1,1,1,1
i8-80967,Джинсы бананы зауженные,538158112,Джинсы,I8-DENIM,36,741359881,Краснодар,5,5,5,5,5,5,5,5,5,5
i8-80967,Джинсы бананы зауженные,538158112,Джинсы,I8-DENIM,36,741359881,Невинномысск,0,0,0,0,0,1,1,1,1,1
i8-80967,Джинсы бананы зауженные,538158112,Джинсы,I8-DENIM,36,741359881,Новосемейкино,3,3,3,3,3,3,3,3,3,3
i8-80967,Джинсы бананы зауженные,538158112,Джинсы,I8-DENIM,36,741359881,Тула,0,0,0,0,1,1,1,1,1,1
i8-80967,Джинсы бананы зауженные,538158112,Джинсы,I8-DENIM,36,741359881,Электросталь,1,0,0,0,1,1,1,1,1,1
i8-80970,Джинсы бананы зауженные синие,538158116,Джинсы,I8-DENIM,29,741359884,Владивосток WB,1,1,1,1,1,1,1,1,1,1
i8-80970,Джинсы бананы зауженные синие,538158116,Джинсы,I8-DENIM,29,741359884,Владимир WB,2,2,2,2,2,2,2,2,2,2
i8-80970,Джинсы бананы зауженные синие,538158116,Джинсы,I8-DENIM,29,741359884,Екатеринбург - Перспективная 14,2,2,2,2,2,2,2,2,2,2
i8-80970,Джинсы бананы зауженные синие,538158116,Джинсы,I8-DENIM,29,741359884,Котовск,7,0,0,0,0,0,2,2,2,2
i8-80970,Джинсы бананы зауженные синие,538158116,Джинсы,I8-DENIM,29,741359884,Краснодар,6,6,6,6,6,6,6,6,6,6
i8-80970,Джинсы бананы зауженные синие,538158116,Джинсы,I8-DENIM,29,741359884,Невинномысск,1,1,1,1,1,1,1,1,1,1
i8-80970,Джинсы бананы зауженные синие,538158116,Джинсы,I8-DENIM,29,741359884,Новосемейкино,3,3,3,3,3,3,3,3,3,3
i8-80970,Джинсы бананы зауженные синие,538158116,Джинсы,I8-DENIM,29,741359884,Пенза WB,1,1,1,1,1,1,1,1,1,1
i8-80970,Джинсы бананы зауженные синие,538158116,Джинсы,I8-DENIM,29,741359884,Электросталь,13,0,0,0,13,13,13,13,13,13
i8-80970,Джинсы бананы зауженные синие,538158116,Джинсы,I8-DENIM,30,741359885,Актобе,1,1,1,1,1,1,1,1,1,1
i8-80970,Джинсы бананы зауженные синие,538158116,Джинсы,I8-DENIM,30,741359885,Владимир WB,0,0,0,0,0,0,0,0,0,0
i8-80970,Джинсы бананы зауженные синие,538158116,Джинсы,I8-DENIM,30,741359885,Волгоград,1,1,1,1,1,1,1,1,1,1
i8-80970,Джинсы бананы зауженные синие,538158116,Джинсы,I8-DENIM,30,741359885,Воронеж WB,1,1,1,1,1,1,1,1,1,1
i8-80970,Джинсы бананы зауженные синие,538158116,Джинсы,I8-DENIM,30,741359885,Екатеринбург - Перспективная 14,1,1,1,1,1,1,1,1,1,1
i8-80970,Джинсы бананы зауженные синие,538158116,Джинсы,I8-DENIM,30,741359885,Коледино,2,2,2,2,2,2,2,2,1,1
i8-80970,Джинсы бананы зауженные синие,538158116,Джинсы,I8-DENIM,30,741359885,Котовск,5,0,0,0,0,0,0,0,0,0
i8-80970,Джинсы бананы зауженные синие,538158116,Джинсы,I8-DENIM,30,741359885,Краснодар,2,2,2,2,2,2,2,2,2,2
i8-80970,Джинсы бананы зауженные синие,538158116,Джинсы,I8-DENIM,30,741359885,Невинномысск,1,1,1,1,1,1,1,1,1,1
i8-80970,Джинсы бананы зауженные синие,538158116,Джинсы,I8-DENIM,30,741359885,Новосемейкино,3,3,3,3,3,3,3,3,3,3
i8-80970,Джинсы бананы зауженные синие,538158116,Джинсы,I8-DENIM,30,741359885,Рязань (Тюшевское),0,0,0,0,0,1,1,1,1,1
i8-80970,Джинсы бананы зауженные синие,538158116,Джинсы,I8-DENIM,30,741359885,Электросталь,12,0,0,0,12,12,12,12,12,12
i8-80970,Джинсы бананы зауженные синие,538158116,Джинсы,I8-DENIM,31,741359888,Воронеж WB,2,2,2,2,2,2,2,2,2,2
i8-80970,Джинсы бананы зауженные синие,538158116,Джинсы,I8-DENIM,31,741359888,Екатеринбург - Перспективная 14,1,1,1,1,1,1,1,1,1,1
i8-80970,Джинсы бананы зауженные синие,538158116,Джинсы,I8-DENIM,31,741359888,Коледино,1,1,1,1,1,1,1,1,1,1
i8-80970,Джинсы бананы зауженные синие,538158116,Джинсы,I8-DENIM,31,741359888,Котовск,7,0,0,0,0,0,0,0,0,0
i8-80970,Джинсы бананы зауженные синие,538158116,Джинсы,I8-DENIM,31,741359888,Краснодар,4,4,4,4,4,4,4,4,4,4
i8-80970,Джинсы бананы зауженные синие,538158116,Джинсы,I8-DENIM,31,741359888,Невинномысск,1,1,1,1,1,1,1,1,1,1
i8-80970,Джинсы бананы зауженные синие,538158116,Джинсы,I8-DENIM,31,741359888,Новосемейкино,2,2,2,2,2,2,2,2,2,2
i8-80970,Джинсы бананы зауженные синие,538158116,Джинсы,I8-DENIM,31,741359888,Тула,1,1,1,1,1,1,1,1,1,1
i8-80970,Джинсы бананы зауженные синие,538158116,Джинсы,I8-DENIM,32,741359889,Воронеж WB,2,2,2,2,2,2,2,2,2,2
i8-80970,Джинсы бананы зауженные синие,538158116,Джинсы,I8-DENIM,32,741359889,Коледино,1,1,1,1,1,1,1,1,1,1
i8-80970,Джинсы бананы зауженные синие,538158116,Джинсы,I8-DENIM,32,741359889,Котовск,17,0,0,0,0,0,2,2,2,2
i8-80970,Джинсы бананы зауженные синие,538158116,Джинсы,I8-DENIM,32,741359889,Краснодар,6,6,6,6,6,6,6,6,6,6
i8-80970,Джинсы бананы зауженные синие,538158116,Джинсы,I8-DENIM,32,741359889,Невинномысск,0,0,1,1,1,1,1,1,1,1
i8-80970,Джинсы бананы зауженные синие,538158116,Джинсы,I8-DENIM,32,741359889,Новосемейкино,5,5,5,5,5,5,5,5,5,5
i8-80970,Джинсы бананы зауженные синие,538158116,Джинсы,I8-DENIM,32,741359889,Пенза WB,1,1,1,1,1,1,1,1,1,1
i8-80970,Джинсы бананы зауженные синие,538158116,Джинсы,I8-DENIM,32,741359889,Рязань (Тюшевское),2,2,2,2,2,2,2,2,2,2
i8-80970,Джинсы бананы зауженные синие,538158116,Джинсы,I8-DENIM,32,741359889,Тула,2,2,2,2,2,2,2,2,2,2
i8-80970,Джинсы бананы зауженные синие,538158116,Джинсы,I8-DENIM,32,741359889,Электросталь,18,0,0,0,18,18,18,18,18,18
i8-80970,Джинсы бананы зауженные синие,538158116,Джинсы,I8-DENIM,33,741359890,Актобе,1,1,1,1,1,1,1,1,1,1
i8-80970,Джинсы бананы зауженные синие,538158116,Джинсы,I8-DENIM,33,741359890,Екатеринбург - Перспективная 14,2,2,2,2,2,2,2,2,2,2
i8-80970,Джинсы бананы зауженные синие,538158116,Джинсы,I8-DENIM,33,741359890,Казань,2,2,2,2,2,2,2,2,2,2
i8-80970,Джинсы бананы зауженные синие,538158116,Джинсы,I8-DENIM,33,741359890,Коледино,1,1,1,1,1,1,1,1,1,0
i8-80970,Джинсы бананы зауженные синие,538158116,Джинсы,I8-DENIM,33,741359890,Котовск,3,0,0,0,0,0,0,0,0,0
i8-80970,Джинсы бананы зауженные синие,538158116,Джинсы,I8-DENIM,33,741359890,Невинномысск,0,0,1,1,1,1,1,1,1,1
i8-80970,Джинсы бананы зауженные синие,538158116,Джинсы,I8-DENIM,33,741359890,Новосемейкино,1,1,1,1,1,1,1,1,1,1
i8-80970,Джинсы бананы зауженные синие,538158116,Джинсы,I8-DENIM,33,741359890,Рязань (Тюшевское),2,2,2,2,2,2,2,2,2,2
i8-80970,Джинсы бананы зауженные синие,538158116,Джинсы,I8-DENIM,33,741359890,Сарапул WB,1,1,1,1,1,1,1,1,1,1
i8-80970,Джинсы бананы зауженные синие,538158116,Джинсы,I8-DENIM,33,741359890,Склад СПБ Шушары Московское,1,1,1,1,1,1,1,1,1,1
i8-80970,Джинсы бананы зауженные синие,538158116,Джинсы,I8-DENIM,33,741359890,Тула,1,1,1,1,1,1,1,1,1,1
i8-80970,Джинсы бананы зауженные синие,538158116,Джинсы,I8-DENIM,33,741359890,Электросталь,9,0,0,0,9,9,9,9,9,9
i8-80971,Джинсы бананы зауженные синие,538158119,Джинсы,I8-DENIM,29,741359893,Волгоград,1,1,1,1,1,1,1,1,1,1
i8-80971,Джинсы бананы зауженные синие,538158119,Джинсы,I8-DENIM,29,741359893,Екатеринбург - Перспективная 14,4,4,4,4,4,4,4,4,4,4
i8-80971,Джинсы бананы зауженные синие,538158119,Джинсы,I8-DENIM,29,741359893,Котовск,10,0,0,0,0,0,0,0,0,0
i8-80971,Джинсы бананы зауженные синие,538158119,Джинсы,I8-DENIM,29,741359893,Краснодар,5,5,5,5,5,5,5,5,5,5
i8-80971,Джинсы бананы зауженные синие,538158119,Джинсы,I8-DENIM,29,741359893,Новосемейкино,5,5,5,5,5,5,5,4,4,4
i8-80971,Джинсы бананы зауженные синие,538158119,Джинсы,I8-DENIM,29,741359893,Остальные,0,0,0,0,0,0,0,0,0,0
i8-80971,Джинсы бананы зауженные синие,538158119,Джинсы,I8-DENIM,29,741359893,Тула,1,1,1,1,1,1,1,1,1,1
i8-80971,Джинсы бананы зауженные синие,538158119,Джинсы,I8-DENIM,30,741359894,Воронеж WB,1,1,1,1,1,1,1,1,1,1
i8-80971,Джинсы бананы зауженные синие,538158119,Джинсы,I8-DENIM,30,741359894,Екатеринбург - Перспективная 14,2,2,2,2,2,2,2,2,2,2
i8-80971,Джинсы бананы зауженные синие,538158119,Джинсы,I8-DENIM,30,741359894,Котовск,12,0,0,0,0,0,2,2,2,2
i8-80971,Джинсы бананы зауженные синие,538158119,Джинсы,I8-DENIM,30,741359894,Краснодар,6,6,6,6,6,6,6,6,6,6
i8-80971,Джинсы бананы зауженные синие,538158119,Джинсы,I8-DENIM,30,741359894,Невинномысск,1,1,1,1,1,1,1,1,1,1
i8-80971,Джинсы бананы зауженные синие,538158119,Джинсы,I8-DENIM,30,741359894,Новосемейкино,7,7,7,7,7,7,7,7,7,7
i8-80971,Джинсы бананы зауженные синие,538158119,Джинсы,I8-DENIM,30,741359894,Сарапул WB,1,1,1,1,1,1,1,1,1,1
i8-80971,Джинсы бананы зауженные синие,538158119,Джинсы,I8-DENIM,30,741359894,Электросталь,1,0,0,0,1,1,1,1,1,1
i8-80971,Джинсы бананы зауженные синие,538158119,Джинсы,I8-DENIM,31,741359895,Воронеж WB,1,1,1,1,1,1,1,1,1,1
i8-80971,Джинсы бананы зауженные синие,538158119,Джинсы,I8-DENIM,31,741359895,Коледино,1,1,1,1,1,1,1,1,1,1
i8-80971,Джинсы бананы зауженные синие,538158119,Джинсы,I8-DENIM,31,741359895,Котовск,9,0,0,0,0,0,4,4,4,4
i8-80971,Джинсы бананы зауженные синие,538158119,Джинсы,I8-DENIM,31,741359895,Краснодар,5,5,5,5,5,5,5,5,5,5
i8-80971,Джинсы бананы зауженные синие,538158119,Джинсы,I8-DENIM,31,741359895,Невинномысск,1,1,1,1,1,1,1,1,1,1
i8-80971,Джинсы бананы зауженные синие,538158119,Джинсы,I8-DENIM,31,741359895,Новосемейкино,2,2,2,2,2,2,2,2,2,2
i8-80971,Джинсы бананы зауженные синие,538158119,Джинсы,I8-DENIM,31,741359895,Рязань (Тюшевское),2,2,2,2,2,2,2,2,2,2
i8-80971,Джинсы бананы зауженные синие,538158119,Джинсы,I8-DENIM,31,741359895,Сарапул WB,2,2,2,2,2,2,2,2,2,2
i8-80971,Джинсы бананы зауженные синие,538158119,Джинсы,I8-DENIM,31,741359895,Электросталь,1,0,0,0,1,1,1,1,1,1
i8-80971,Джинсы бананы зауженные синие,538158119,Джинсы,I8-DENIM,32,741359896,Владивосток WB,1,1,1,1,1,1,1,1,1,1
i8-80971,Джинсы бананы зауженные синие,538158119,Джинсы,I8-DENIM,32,741359896,Волгоград,1,1,1,1,1,1,1,1,1,1
i8-80971,Джинсы бананы зауженные синие,538158119,Джинсы,I8-DENIM,32,741359896,Воронеж WB,1,1,1,1,1,1,1,1,1,1
i8-80971,Джинсы бананы зауженные синие,538158119,Джинсы,I8-DENIM,32,741359896,Екатеринбург - Перспективная 14,2,2,2,2,2,2,2,2,2,2
i8-80971,Джинсы бананы зауженные синие,538158119,Джинсы,I8-DENIM,32,741359896,Котовск,22,0,0,0,0,0,6,6,6,6
i8-80971,Джинсы бананы зауженные синие,538158119,Джинсы,I8-DENIM,32,741359896,Краснодар,8,8,8,8,8,8,8,8,8,8
i8-80971,Джинсы бананы зауженные синие,538158119,Джинсы,I8-DENIM,32,741359896,Новосемейкино,7,7,7,7,7,7,7,7,7,7
i8-80971,Джинсы бананы зауженные синие,538158119,Джинсы,I8-DENIM,32,741359896,Рязань (Тюшевское),1,1,1,1,1,1,1,1,1,1
i8-80971,Джинсы бананы зауженные синие,538158119,Джинсы,I8-DENIM,32,741359896,Тула,1,1,1,1,1,1,1,1,1,1
i8-80971,Джинсы бананы зауженные синие,538158119,Джинсы,I8-DENIM,32,741359896,Электросталь,1,0,0,0,1,1,1,1,1,1
i8-80971,Джинсы бананы зауженные синие,538158119,Джинсы,I8-DENIM,33,741359897,Краснодар,1,1,1,1,1,1,1,1,1,1
i8-80971,Джинсы бананы зауженные синие,538158119,Джинсы,I8-DENIM,33,741359897,Электросталь,2,0,0,0,2,2,2,2,2,2
i8-80964,Джинсы бананы зауженные черные,538158120,Джинсы,I8-DENIM,29,741359900,Владимир WB,2,2,2,2,2,2,2,2,2,2
i8-80964,Джинсы бананы зауженные черные,538158120,Джинсы,I8-DENIM,29,741359900,Воронеж WB,1,1,1,1,1,1,1,1,1,1
i8-80964,Джинсы бананы зауженные черные,538158120,Джинсы,I8-DENIM,29,741359900,Екатеринбург - Перспективная 14,2,2,2,2,2,2,2,2,2,2
i8-80964,Джинсы бананы зауженные черные,538158120,Джинсы,I8-DENIM,29,741359900,Коледино,1,1,1,1,1,1,1,1,1,1
i8-80964,Джинсы бананы зауженные черные,538158120,Джинсы,I8-DENIM,29,741359900,Котовск,9,0,0,0,0,0,0,0,0,0
i8-80964,Джинсы бананы зауженные черные,538158120,Джинсы,I8-DENIM,29,741359900,Краснодар,3,3,3,3,3,3,3,3,3,3
i8-80964,Джинсы бананы зауженные черные,538158120,Джинсы,I8-DENIM,29,741359900,Новосемейкино,2,2,2,2,2,2,2,2,2,2
i8-80964,Джинсы бананы зауженные черные,538158120,Джинсы,I8-DENIM,29,741359900,Рязань (Тюшевское),1,1,1,1,1,1,1,1,1,1
i8-80964,Джинсы бананы зауженные черные,538158120,Джинсы,I8-DENIM,29,741359900,Тула,2,2,2,2,2,2,2,2,2,2
i8-80964,Джинсы бананы зауженные черные,538158120,Джинсы,I8-DENIM,30,741359901,Владимир WB,2,2,2,2,2,2,2,2,2,2
i8-80964,Джинсы бананы зауженные черные,538158120,Джинсы,I8-DENIM,30,741359901,Волгоград,1,1,1,1,1,1,1,1,1,1
i8-80964,Джинсы бананы зауженные черные,538158120,Джинсы,I8-DENIM,30,741359901,Екатеринбург - Перспективная 14,4,4,4,4,4,4,4,4,4,4
i8-80964,Джинсы бананы зауженные черные,538158120,Джинсы,I8-DENIM,30,741359901,Коледино,1,1,1,1,1,1,1,1,1,1
i8-80964,Джинсы бананы зауженные черные,538158120,Джинсы,I8-DENIM,30,741359901,Котовск,5,0,0,0,0,0,0,0,0,0
i8-80964,Джинсы бананы зауженные черные,538158120,Джинсы,I8-DENIM,30,741359901,Краснодар,1,1,1,1,1,1,1,1,1,1
i8-80964,Джинсы бананы зауженные черные,538158120,Джинсы,I8-DENIM,30,741359901,Невинномысск,1,1,1,1,1,1,1,1,1,1
i8-80964,Джинсы бананы зауженные черные,538158120,Джинсы,I8-DENIM,30,741359901,Новосемейкино,4,4,4,4,4,4,4,4,4,4
i8-80964,Джинсы бананы зауженные черные,538158120,Джинсы,I8-DENIM,30,741359901,Рязань (Тюшевское),1,1,1,1,1,1,1,1,1,1
i8-80964,Джинсы бананы зауженные черные,538158120,Джинсы,I8-DENIM,30,741359901,Склад СПБ Шушары Московское,1,1,1,1,1,1,1,1,1,1
i8-80964,Джинсы бананы зауженные черные,538158120,Джинсы,I8-DENIM,30,741359901,Тула,2,2,2,2,2,2,2,2,2,2
i8-80964,Джинсы бананы зауженные черные,538158120,Джинсы,I8-DENIM,30,741359901,Электросталь,7,0,0,0,7,7,7,7,7,7
i8-80964,Джинсы бананы зауженные черные,538158120,Джинсы,I8-DENIM,31,741359902,Воронеж WB,1,1,1,1,1,1,1,1,1,1
i8-80964,Джинсы бананы зауженные черные,538158120,Джинсы,I8-DENIM,31,741359902,Екатеринбург - Перспективная 14,1,1,1,1,1,1,1,1,1,1
i8-80964,Джинсы бананы зауженные черные,538158120,Джинсы,I8-DENIM,31,741359902,Коледино,1,1,1,1,1,1,1,1,1,1
i8-80964,Джинсы бананы зауженные черные,538158120,Джинсы,I8-DENIM,31,741359902,Котовск,5,0,0,0,0,0,0,0,0,0
i8-80964,Джинсы бананы зауженные черные,538158120,Джинсы,I8-DENIM,31,741359902,Краснодар,2,2,2,2,2,2,2,2,2,2
i8-80964,Джинсы бананы зауженные черные,538158120,Джинсы,I8-DENIM,31,741359902,Невинномысск,1,1,1,1,1,1,1,1,1,1
i8-80964,Джинсы бананы зауженные черные,538158120,Джинсы,I8-DENIM,31,741359902,Пенза WB,1,1,1,1,1,1,1,0,0,0
i8-80964,Джинсы бананы зауженные черные,538158120,Джинсы,I8-DENIM,31,741359902,Рязань (Тюшевское),1,1,1,1,1,1,1,1,1,1
i8-80964,Джинсы бананы зауженные черные,538158120,Джинсы,I8-DENIM,31,741359902,СЦ Нижний Новгород Ларина,0,0,0,0,0,0,0,0,0,0
i8-80964,Джинсы бананы зауженные черные,538158120,Джинсы,I8-DENIM,31,741359902,Сарапул WB,1,1,1,1,1,1,1,1,1,1
i8-80964,Джинсы бананы зауженные черные,538158120,Джинсы,I8-DENIM,31,741359902,Склад СПБ Шушары Московское,1,1,1,1,1,1,1,1,1,1
i8-80964,Джинсы бананы зауженные черные,538158120,Джинсы,I8-DENIM,31,741359902,Тула,2,2,2,2,2,2,2,2,2,2
i8-80964,Джинсы бананы зауженные черные,538158120,Джинсы,I8-DENIM,31,741359902,Электросталь,1,0,0,0,1,1,1,1,1,1
i8-80964,Джинсы бананы зауженные черные,538158120,Джинсы,I8-DENIM,32,741359904,Волгоград,1,1,1,1,1,1,1,1,0,0
i8-80964,Джинсы бананы зауженные черные,538158120,Джинсы,I8-DENIM,32,741359904,Воронеж WB,3,3,3,3,3,3,3,3,3,3
i8-80964,Джинсы бананы зауженные черные,538158120,Джинсы,I8-DENIM,32,741359904,Екатеринбург - Перспективная 14,1,1,1,0,0,0,0,0,0,0
i8-80964,Джинсы бананы зауженные черные,538158120,Джинсы,I8-DENIM,32,741359904,Калининград,1,1,1,1,1,1,1,1,1,1
i8-80964,Джинсы бананы зауженные черные,538158120,Джинсы,I8-DENIM,32,741359904,Коледино,1,1,1,1,1,1,1,1,0,0
i8-80964,Джинсы бананы зауженные черные,538158120,Джинсы,I8-DENIM,32,741359904,Котовск,19,0,0,0,0,0,0,0,0,0
i8-80964,Джинсы бананы зауженные черные,538158120,Джинсы,I8-DENIM,32,741359904,Краснодар,3,3,3,3,3,3,3,3,3,3
i8-80964,Джинсы бананы зауженные черные,538158120,Джинсы,I8-DENIM,32,741359904,Невинномысск,0,0,0,0,0,2,2,2,2,2
i8-80964,Джинсы бананы зауженные черные,538158120,Джинсы,I8-DENIM,32,741359904,Остальные,0,0,0,0,0,0,0,0,0,0
i8-80964,Джинсы бананы зауженные черные,538158120,Джинсы,I8-DENIM,32,741359904,Пенза WB,1,1,1,1,1,1,1,0,0,0
i8-80964,Джинсы бананы зауженные черные,538158120,Джинсы,I8-DENIM,32,741359904,СЦ Нижний Новгород Ларина,0,0,0,0,0,0,0,0,0,0
i8-80964,Джинсы бананы зауженные черные,538158120,Джинсы,I8-DENIM,32,741359904,Электросталь,8,0,0,0,8,8,8,8,8,8
i8-80964,Джинсы бананы зауженные черные,538158120,Джинсы,I8-DENIM,33,741359905,Владимир WB,2,2,2,2,2,2,2,2,2,2
i8-80964,Джинсы бананы зауженные черные,538158120,Джинсы,I8-DENIM,33,741359905,Волгоград,1,1,1,1,1,1,1,1,1,1
i8-80964,Джинсы бананы зауженные черные,538158120,Джинсы,I8-DENIM,33,741359905,Воронеж WB,1,1,1,1,1,1,1,1,1,1
i8-80964,Джинсы бананы зауженные черные,538158120,Джинсы,I8-DENIM,33,741359905,Екатеринбург - Перспективная 14,4,4,4,4,4,4,4,4,4,4
i8-80964,Джинсы бананы зауженные черные,538158120,Джинсы,I8-DENIM,33,741359905,Казань,1,1,1,1,1,1,1,1,1,1
i8-80964,Джинсы бананы зауженные черные,538158120,Джинсы,I8-DENIM,33,741359905,Коледино,1,1,1,1,1,1,1,1,1,1
i8-80964,Джинсы бананы зауженные черные,538158120,Джинсы,I8-DENIM,33,741359905,Краснодар,1,1,1,1,1,1,1,1,1,1
i8-80964,Джинсы бананы зауженные черные,538158120,Джинсы,I8-DENIM,33,741359905,Невинномысск,1,1,1,1,1,1,1,1,1,1
i8-80964,Джинсы бананы зауженные черные,538158120,Джинсы,I8-DENIM,33,741359905,Новосемейкино,2,2,2,2,2,2,2,2,2,2
i8-80964,Джинсы бананы зауженные черные,538158120,Джинсы,I8-DENIM,33,741359905,Электросталь,1,0,0,0,1,1,1,1,1,1
i8-80964,Джинсы бананы зауженные черные,538158120,Джинсы,I8-DENIM,36,741359906,Воронеж WB,2,2,2,2,2,2,2,2,2,2
i8-80964,Джинсы бананы зауженные черные,538158120,Джинсы,I8-DENIM,36,741359906,Котовск,2,0,0,0,0,0,0,0,0,0
i8-80964,Джинсы бананы зауженные черные,538158120,Джинсы,I8-DENIM,36,741359906,Новосемейкино,1,1,1,1,1,1,1,1,1,1
i8-80964,Джинсы бананы зауженные черные,538158120,Джинсы,I8-DENIM,36,741359906,Остальные,0,0,0,0,0,0,0,0,0,0
i8-80964,Джинсы бананы зауженные черные,538158120,Джинсы,I8-DENIM,36,741359906,Рязань (Тюшевское),1,1,1,1,1,1,1,1,1,1
i8-80964,Джинсы бананы зауженные черные,538158120,Джинсы,I8-DENIM,36,741359906,СК Тверь Эммаусское WB,1,1,1,1,1,1,1,1,1,1
i8-80964,Джинсы бананы зауженные черные,538158120,Джинсы,I8-DENIM,36,741359906,Тула,1,1,1,1,1,1,1,1,1,1
i8-80964,Джинсы бананы зауженные черные,538158120,Джинсы,I8-DENIM,34,741359907,Воронеж WB,1,1,1,1,1,1,1,1,1,1
i8-80964,Джинсы бананы зауженные черные,538158120,Джинсы,I8-DENIM,34,741359907,Екатеринбург - Перспективная 14,1,1,1,1,1,1,1,1,1,1
i8-80964,Джинсы бананы зауженные черные,538158120,Джинсы,I8-DENIM,34,741359907,Краснодар,2,2,2,2,2,2,2,2,2,2
i8-80964,Джинсы бананы зауженные черные,538158120,Джинсы,I8-DENIM,34,741359907,Остальные,0,0,0,0,0,0,0,0,0,0
i8-80964,Джинсы бананы зауженные черные,538158120,Джинсы,I8-DENIM,34,741359907,Рязань (Тюшевское),1,1,1,1,1,1,1,1,1,1
i8-80964,Джинсы бананы зауженные черные,538158120,Джинсы,I8-DENIM,34,741359907,СК Тверь Эммаусское WB,1,1,1,1,1,1,1,1,1,1
i8-80965,Джинсы бананы зауженные темные,538158123,Джинсы,I8-DENIM,29,741359910,Воронеж WB,1,1,1,1,1,1,1,1,1,1
i8-80965,Джинсы бананы зауженные темные,538158123,Джинсы,I8-DENIM,29,741359910,Коледино,1,1,1,1,1,1,1,1,1,1
i8-80965,Джинсы бананы зауженные темные,538158123,Джинсы,I8-DENIM,29,741359910,Котовск,9,0,0,0,0,0,0,0,0,0
i8-80965,Джинсы бананы зауженные темные,538158123,Джинсы,I8-DENIM,29,741359910,Краснодар,10,10,10,10,10,10,10,10,10,10
i8-80965,Джинсы бананы зауженные темные,538158123,Джинсы,I8-DENIM,29,741359910,Новосемейкино,7,7,7,7,7,7,7,7,7,7
i8-80965,Джинсы бананы зауженные темные,538158123,Джинсы,I8-DENIM,29,741359910,Склад СПБ Шушары Московское,1,1,1,1,1,1,1,1,1,1
i8-80965,Джинсы бананы зауженные темные,538158123,Джинсы,I8-DENIM,29,741359910,Электросталь,1,0,0,0,1,1,1,1,1,1
i8-80965,Джинсы бананы зауженные темные,538158123,Джинсы,I8-DENIM,30,741359911,Коледино,0,0,0,0,0,0,0,0,0,0
i8-80965,Джинсы бананы зауженные темные,538158123,Джинсы,I8-DENIM,30,741359911,Котовск,9,0,0,0,0,0,0,0,0,0
i8-80965,Джинсы бананы зауженные темные,538158123,Джинсы,I8-DENIM,30,741359911,Краснодар,7,7,7,7,7,7,7,7,7,7
i8-80965,Джинсы бананы зауженные темные,538158123,Джинсы,I8-DENIM,30,741359911,Новосемейкино,9,9,9,9,9,9,9,9,9,9
i8-80965,Джинсы бананы зауженные темные,538158123,Джинсы,I8-DENIM,30,741359911,Рязань (Тюшевское),0,0,0,0,0,1,1,1,1,1
i8-80965,Джинсы бананы зауженные темные,538158123,Джинсы,I8-DENIM,31,741359912,Екатеринбург - Перспективная 14,3,3,3,3,3,3,3,3,3,3
i8-80965,Джинсы бананы зауженные темные,538158123,Джинсы,I8-DENIM,31,741359912,Казань,4,4,4,4,4,4,4,4,4,4
i8-80965,Джинсы бананы зауженные темные,538158123,Джинсы,I8-DENIM,31,741359912,Краснодар,3,3,3,3,3,3,3,3,3,3
i8-80965,Джинсы бананы зауженные темные,538158123,Джинсы,I8-DENIM,31,741359912,Невинномысск,2,2,2,2,2,2,2,2,2,2
i8-80965,Джинсы бананы зауженные темные,538158123,Джинсы,I8-DENIM,31,741359912,Новосемейкино,1,1,1,1,1,1,1,1,1,1
i8-80965,Джинсы бананы зауженные темные,538158123,Джинсы,I8-DENIM,31,741359912,Остальные,0,0,0,0,0,0,0,0,0,0
i8-80965,Джинсы бананы зауженные темные,538158123,Джинсы,I8-DENIM,31,741359912,Рязань (Тюшевское),1,1,1,1,1,1,1,1,1,1
i8-80965,Джинсы бананы зауженные темные,538158123,Джинсы,I8-DENIM,31,741359912,Сарапул WB,1,1,1,1,1,1,1,1,1,1
i8-80965,Джинсы бананы зауженные темные,538158123,Джинсы,I8-DENIM,31,741359912,Тула,3,3,3,3,3,3,3,3,3,3
i8-80965,Джинсы бананы зауженные темные,538158123,Джинсы,I8-DENIM,31,741359912,Электросталь,5,0,0,0,5,5,5,5,5,5
i8-80965,Джинсы бананы зауженные темные,538158123,Джинсы,I8-DENIM,32,741359913,Воронеж WB,1,1,1,1,1,1,1,1,1,1
i8-80965,Джинсы бананы зауженные темные,538158123,Джинсы,I8-DENIM,32,741359913,Екатеринбург - Перспективная 14,4,4,4,3,3,3,3,3,3,3
i8-80965,Джинсы бананы зауженные темные,538158123,Джинсы,I8-DENIM,32,741359913,Казань,23,23,23,23,23,23,23,23,23,23
i8-80965,Джинсы бананы зауженные темные,538158123,Джинсы,I8-DENIM,32,741359913,Краснодар,1,1,1,1,1,1,1,1,1,1
i8-80965,Джинсы бананы зауженные темные,538158123,Джинсы,I8-DENIM,32,741359913,Невинномысск,1,1,1,1,1,1,1,1,1,1
i8-80965,Джинсы бананы зауженные темные,538158123,Джинсы,I8-DENIM,32,741359913,Новосемейкино,3,3,3,3,3,3,3,3,3,3
i8-80965,Джинсы бананы зауженные темные,538158123,Джинсы,I8-DENIM,32,741359913,Остальные,0,0,0,0,0,0,0,0,0,0
i8-80965,Джинсы бананы зауженные темные,538158123,Джинсы,I8-DENIM,32,741359913,Пенза WB,1,1,1,1,1,1,1,1,1,1
i8-80965,Джинсы бананы зауженные темные,538158123,Джинсы,I8-DENIM,32,741359913,Рязань (Тюшевское),1,1,1,1,1,1,1,1,1,1
i8-80965,Джинсы бананы зауженные темные,538158123,Джинсы,I8-DENIM,32,741359913,Склад СПБ Шушары Московское,1,1,1,1,1,1,1,1,1,1
i8-80965,Джинсы бананы зауженные темные,538158123,Джинсы,I8-DENIM,32,741359913,Электросталь,11,0,0,0,11,11,11,11,11,11
i8-80965,Джинсы бананы зауженные темные,538158123,Джинсы,I8-DENIM,33,741359914,Екатеринбург - Перспективная 14,5,5,5,5,5,5,5,5,5,5
i8-80965,Джинсы бананы зауженные темные,538158123,Джинсы,I8-DENIM,33,741359914,Краснодар,1,1,1,1,1,1,1,1,1,1
i8-80965,Джинсы бананы зауженные темные,538158123,Джинсы,I8-DENIM,33,741359914,Невинномысск,1,1,1,1,1,1,1,1,1,1
i8-80965,Джинсы бананы зауженные темные,538158123,Джинсы,I8-DENIM,33,741359914,Тула,0,0,0,0,1,1,1,1,1,1
i8-80965,Джинсы бананы зауженные темные,538158123,Джинсы,I8-DENIM,33,741359914,Электросталь,1,0,0,0,1,1,1,1,1,1
i8-80965,Джинсы бананы зауженные темные,538158123,Джинсы,I8-DENIM,34,741359915,Казань,1,1,1,0,0,0,0,0,0,0
i8-80965,Джинсы бананы зауженные темные,538158123,Джинсы,I8-DENIM,34,741359915,Краснодар,1,1,1,1,1,1,1,1,1,1
i8-80965,Джинсы бананы зауженные темные,538158123,Джинсы,I8-DENIM,34,741359915,Склад СПБ Шушары Московское,1,1,1,1,1,1,1,1,1,1
i8-80965,Джинсы бананы зауженные темные,538158123,Джинсы,I8-DENIM,34,741359915,Электросталь,2,0,0,0,2,2,2,2,2,2
i8-80965,Джинсы бананы зауженные темные,538158123,Джинсы,I8-DENIM,36,741359916,Электросталь,1,0,0,0,1,1,1,1,1,1
i8-80966,Джинсы бананы зауженные серые,538158125,Джинсы,I8-DENIM,29,741359917,Екатеринбург - Перспективная 14,2,2,2,2,2,2,1,1,1,1
i8-80966,Джинсы бананы зауженные серые,538158125,Джинсы,I8-DENIM,29,741359917,Невинномысск,5,5,4,4,4,4,4,4,4,4
i8-80966,Джинсы бананы зауженные серые,538158125,Джинсы,I8-DENIM,29,741359917,Новосемейкино,7,7,7,7,7,7,7,6,6,6
i8-80966,Джинсы бананы зауженные серые,538158125,Джинсы,I8-DENIM,29,741359917,Остальные,0,0,0,0,0,0,0,0,0,0
i8-80966,Джинсы бананы зауженные серые,538158125,Джинсы,I8-DENIM,29,741359917,Пенза WB,1,1,1,1,1,1,1,1,1,1
i8-80966,Джинсы бананы зауженные серые,538158125,Джинсы,I8-DENIM,29,741359917,Рязань (Тюшевское),1,1,1,1,1,1,1,1,1,1
i8-80966,Джинсы бананы зауженные серые,538158125,Джинсы,I8-DENIM,29,741359917,Склад СПБ Шушары Московское,7,7,7,7,7,7,7,7,7,7
i8-80966,Джинсы бананы зауженные серые,538158125,Джинсы,I8-DENIM,29,741359917,Электросталь,19,0,0,0,19,19,19,19,19,19
i8-80966,Джинсы бананы зауженные серые,538158125,Джинсы,I8-DENIM,30,741359918,Воронеж WB,1,1,1,1,1,1,1,1,1,1
i8-80966,Джинсы бананы зауженные серые,538158125,Джинсы,I8-DENIM,30,741359918,Екатеринбург - Перспективная 14,0,0,0,0,1,1,2,2,2,2
i8-80966,Джинсы бананы зауженные серые,538158125,Джинсы,I8-DENIM,30,741359918,Невинномысск,2,2,2,2,2,2,2,2,2,2
i8-80966,Джинсы бананы зауженные серые,538158125,Джинсы,I8-DENIM,30,741359918,Новосемейкино,5,5,5,5,5,5,5,5,5,5
i8-80966,Джинсы бананы зауженные серые,538158125,Джинсы,I8-DENIM,30,741359918,Остальные,0,0,0,0,0,0,0,0,0,0
i8-80966,Джинсы бананы зауженные серые,538158125,Джинсы,I8-DENIM,30,741359918,Пенза WB,1,0,0,0,0,0,0,0,0,0
i8-80966,Джинсы бананы зауженные серые,538158125,Джинсы,I8-DENIM,30,741359918,Склад СПБ Шушары Московское,1,1,1,1,1,1,1,1,1,1
i8-80966,Джинсы бананы зауженные серые,538158125,Джинсы,I8-DENIM,30,741359918,Тула,1,1,1,1,1,1,1,1,1,1
i8-80966,Джинсы бананы зауженные серые,538158125,Джинсы,I8-DENIM,30,741359918,Электросталь,11,0,0,0,11,11,11,11,11,11
i8-80966,Джинсы бананы зауженные серые,538158125,Джинсы,I8-DENIM,31,741359923,Владимир WB,0,0,0,1,1,1,1,1,1,1
i8-80966,Джинсы бананы зауженные серые,538158125,Джинсы,I8-DENIM,31,741359923,Екатеринбург - Перспективная 14,2,2,2,1,1,1,1,1,1,1
i8-80966,Джинсы бананы зауженные серые,538158125,Джинсы,I8-DENIM,31,741359923,Казань,1,1,1,1,1,1,1,1,1,1
i8-80966,Джинсы бананы зауженные серые,538158125,Джинсы,I8-DENIM,31,741359923,Котовск,1,0,0,0,0,0,0,0,0,0
i8-80966,Джинсы бананы зауженные серые,538158125,Джинсы,I8-DENIM,31,741359923,Невинномысск,5,5,5,5,5,5,5,5,5,5
i8-80966,Джинсы бананы зауженные серые,538158125,Джинсы,I8-DENIM,31,741359923,Нижний Тагил Восточное  WB,0,0,0,0,0,0,0,0,0,0
i8-80966,Джинсы бананы зауженные серые,538158125,Джинсы,I8-DENIM,31,741359923,Остальные,0,0,0,0,0,0,0,0,0,0
i8-80966,Джинсы бананы зауженные серые,538158125,Джинсы,I8-DENIM,31,741359923,Рязань (Тюшевское),1,1,1,1,1,1,1,1,1,1
i8-80966,Джинсы бананы зауженные серые,538158125,Джинсы,I8-DENIM,31,741359923,СК Тверь Эммаусское WB,1,1,1,1,1,1,1,1,1,1
i8-80966,Джинсы бананы зауженные серые,538158125,Джинсы,I8-DENIM,31,741359923,Сарапул WB,1,1,1,1,1,1,1,1,1,1
i8-80966,Джинсы бананы зауженные серые,538158125,Джинсы,I8-DENIM,31,741359923,Склад СПБ Шушары Московское,3,3,3,3,3,3,3,3,3,3
i8-80966,Джинсы бананы зауженные серые,538158125,Джинсы,I8-DENIM,31,741359923,Тула,1,0,0,0,0,1,1,1,2,2
i8-80966,Джинсы бананы зауженные серые,538158125,Джинсы,I8-DENIM,31,741359923,Электросталь,7,0,0,0,7,7,7,7,7,7
i8-80966,Джинсы бананы зауженные серые,538158125,Джинсы,I8-DENIM,32,741359924,Владимир WB,1,1,1,1,1,1,1,0,0,0
i8-80966,Джинсы бананы зауженные серые,538158125,Джинсы,I8-DENIM,32,741359924,Воронеж WB,0,0,0,0,0,1,1,1,1,1
i8-80966,Джинсы бананы зауженные серые,538158125,Джинсы,I8-DENIM,32,741359924,Котовск,11,0,0,0,0,0,0,0,0,0
i8-80966,Джинсы бананы зауженные серые,538158125,Джинсы,I8-DENIM,32,741359924,Невинномысск,11,11,11,11,11,11,11,11,11,11
i8-80966,Джинсы бананы зауженные серые,538158125,Джинсы,I8-DENIM,32,741359924,Новосемейкино,12,12,12,12,12,12,12,12,12,12
i8-80966,Джинсы бананы зауженные серые,538158125,Джинсы,I8-DENIM,32,741359924,Рязань (Тюшевское),1,1,1,1,1,1,1,1,1,1
i8-80966,Джинсы бананы зауженные серые,538158125,Джинсы,I8-DENIM,32,741359924,Сарапул WB,1,1,1,1,1,1,1,1,1,1
i8-80966,Джинсы бананы зауженные серые,538158125,Джинсы,I8-DENIM,32,741359924,Склад СПБ Шушары Московское,10,10,10,10,10,10,10,10,10,10
i8-80966,Джинсы бананы зауженные серые,538158125,Джинсы,I8-DENIM,32,741359924,Тула,1,1,1,1,1,1,1,1,1,1
i8-80966,Джинсы бананы зауженные серые,538158125,Джинсы,I8-DENIM,32,741359924,Электросталь,23,0,0,0,23,23,23,23,23,23
i8-80966,Джинсы бананы зауженные серые,538158125,Джинсы,I8-DENIM,33,741359925,Коледино,1,1,1,1,1,1,1,0,0,0
i8-80966,Джинсы бананы зауженные серые,538158125,Джинсы,I8-DENIM,33,741359925,Котовск,1,0,0,0,0,0,0,0,0,0
i8-80966,Джинсы бананы зауженные серые,538158125,Джинсы,I8-DENIM,33,741359925,Краснодар,1,1,1,1,1,1,1,1,1,1
i8-80966,Джинсы бананы зауженные серые,538158125,Джинсы,I8-DENIM,33,741359925,Невинномысск,5,5,5,5,5,5,5,5,5,5
i8-80966,Джинсы бананы зауженные серые,538158125,Джинсы,I8-DENIM,33,741359925,Новосемейкино,3,3,3,3,3,3,3,3,3,3
i8-80966,Джинсы бананы зауженные серые,538158125,Джинсы,I8-DENIM,33,741359925,Остальные,0,0,0,0,0,0,0,0,0,0
i8-80966,Джинсы бананы зауженные серые,538158125,Джинсы,I8-DENIM,33,741359925,Склад СПБ Шушары Московское,1,1,1,1,1,1,1,1,1,1
i8-80966,Джинсы бананы зауженные серые,538158125,Джинсы,I8-DENIM,33,741359925,Электросталь,4,0,0,0,4,4,4,4,4,4
i8-80966,Джинсы бананы зауженные серые,538158125,Джинсы,I8-DENIM,34,741359926,Котовск,2,0,0,0,0,0,0,0,0,0
i8-80966,Джинсы бананы зауженные серые,538158125,Джинсы,I8-DENIM,34,741359926,Невинномысск,4,4,4,4,4,4,4,4,4,4
i8-80966,Джинсы бананы зауженные серые,538158125,Джинсы,I8-DENIM,34,741359926,Остальные,0,0,0,0,0,0,0,0,0,0
i8-80966,Джинсы бананы зауженные серые,538158125,Джинсы,I8-DENIM,34,741359926,Пенза WB,1,1,1,1,1,0,0,0,0,0
i8-80966,Джинсы бананы зауженные серые,538158125,Джинсы,I8-DENIM,34,741359926,Склад СПБ Шушары Московское,3,3,3,3,3,3,3,3,3,3
i8-80966,Джинсы бананы зауженные серые,538158125,Джинсы,I8-DENIM,34,741359926,Электросталь,7,0,0,0,7,7,7,7,7,7
i8-80966,Джинсы бананы зауженные серые,538158125,Джинсы,I8-DENIM,36,741359927,Владивосток WB,1,1,1,1,1,1,1,1,1,1
i8-80966,Джинсы бананы зауженные серые,538158125,Джинсы,I8-DENIM,36,741359927,Воронеж WB,0,0,0,0,0,0,0,0,1,1
i8-80966,Джинсы бананы зауженные серые,538158125,Джинсы,I8-DENIM,36,741359927,Екатеринбург - Перспективная 14,3,3,3,3,3,3,3,3,3,3
i8-80966,Джинсы бананы зауженные серые,538158125,Джинсы,I8-DENIM,36,741359927,Казань,1,1,0,0,0,0,0,1,0,0
i8-80966,Джинсы бананы зауженные серые,538158125,Джинсы,I8-DENIM,36,741359927,Невинномысск,9,9,9,9,9,9,9,9,9,9
i8-80966,Джинсы бананы зауженные серые,538158125,Джинсы,I8-DENIM,36,741359927,Новосемейкино,4,4,4,4,4,4,4,3,3,3
i8-80966,Джинсы бананы зауженные серые,538158125,Джинсы,I8-DENIM,36,741359927,Остальные,0,0,0,0,0,0,0,0,0,0
i8-80966,Джинсы бананы зауженные серые,538158125,Джинсы,I8-DENIM,36,741359927,Склад СПБ Шушары Московское,5,5,5,5,5,5,5,5,5,5
i8-80966,Джинсы бананы зауженные серые,538158125,Джинсы,I8-DENIM,36,741359927,Тула,1,1,1,1,1,1,0,0,0,0
i8-80966,Джинсы бананы зауженные серые,538158125,Джинсы,I8-DENIM,36,741359927,Электросталь,11,0,0,0,11,11,11,11,11,11
i8-80968,Джинсы бананы зауженные синие,538158130,Джинсы,I8-DENIM,29,741359928,Воронеж WB,2,2,2,2,2,2,2,2,2,2
i8-80968,Джинсы бананы зауженные синие,538158130,Джинсы,I8-DENIM,29,741359928,Казань,1,1,1,1,1,1,1,1,1,1
i8-80968,Джинсы бананы зауженные синие,538158130,Джинсы,I8-DENIM,29,741359928,Котовск,11,0,0,0,0,0,0,0,0,0
i8-80968,Джинсы бананы зауженные синие,538158130,Джинсы,I8-DENIM,29,741359928,Краснодар,3,3,3,3,3,3,3,3,3,3
i8-80968,Джинсы бананы зауженные синие,538158130,Джинсы,I8-DENIM,29,741359928,Невинномысск,7,7,7,7,7,7,7,7,7,7
i8-80968,Джинсы бананы зауженные синие,538158130,Джинсы,I8-DENIM,29,741359928,Новосемейкино,7,7,7,7,7,7,7,7,7,7
i8-80968,Джинсы бананы зауженные синие,538158130,Джинсы,I8-DENIM,29,741359928,Остальные,0,0,0,0,0,0,0,0,0,0
i8-80968,Джинсы бананы зауженные синие,538158130,Джинсы,I8-DENIM,29,741359928,Рязань (Тюшевское),1,1,1,1,1,1,1,1,1,1
i8-80968,Джинсы бананы зауженные синие,538158130,Джинсы,I8-DENIM,29,741359928,Сарапул WB,0,1,1,0,1,1,1,1,1,1
i8-80968,Джинсы бананы зауженные синие,538158130,Джинсы,I8-DENIM,29,741359928,Склад СПБ Шушары Московское,5,5,5,5,5,5,5,5,5,5
i8-80968,Джинсы бананы зауженные синие,538158130,Джинсы,I8-DENIM,29,741359928,Электросталь,9,0,0,0,9,9,9,9,9,9
i8-80968,Джинсы бананы зауженные синие,538158130,Джинсы,I8-DENIM,30,741359929,Воронеж WB,1,1,1,1,1,1,1,1,1,1
i8-80968,Джинсы бананы зауженные синие,538158130,Джинсы,I8-DENIM,30,741359929,Екатеринбург - Перспективная 14,1,1,1,1,1,1,1,1,1,1
i8-80968,Джинсы бананы зауженные синие,538158130,Джинсы,I8-DENIM,30,741359929,Казань,0,0,0,0,0,0,1,1,1,1
i8-80968,Джинсы бананы зауженные синие,538158130,Джинсы,I8-DENIM,30,741359929,Котовск,9,0,0,0,0,0,0,0,0,0
i8-80968,Джинсы бананы зауженные синие,538158130,Джинсы,I8-DENIM,30,741359929,Краснодар,1,1,1,1,1,1,1,1,1,1
i8-80968,Джинсы бананы зауженные синие,538158130,Джинсы,I8-DENIM,30,741359929,Невинномысск,7,7,7,7,7,7,7,7,7,7
i8-80968,Джинсы бананы зауженные синие,538158130,Джинсы,I8-DENIM,30,741359929,Новосемейкино,6,6,6,6,6,6,6,6,6,6
i8-80968,Джинсы бананы зауженные синие,538158130,Джинсы,I8-DENIM,30,741359929,Рязань (Тюшевское),1,1,1,1,1,1,1,1,1,1
i8-80968,Джинсы бананы зауженные синие,538158130,Джинсы,I8-DENIM,30,741359929,СЦ Нижний Новгород Ларина,0,0,0,0,0,0,0,0,0,0
i8-80968,Джинсы бананы зауженные синие,538158130,Джинсы,I8-DENIM,30,741359929,Склад СПБ Шушары Московское,5,5,5,5,5,5,5,5,5,5
i8-80968,Джинсы бананы зауженные синие,538158130,Джинсы,I8-DENIM,30,741359929,Электросталь,7,0,0,0,7,7,7,7,7,7
i8-80968,Джинсы бананы зауженные синие,538158130,Джинсы,I8-DENIM,31,741359930,Волгоград,0,0,0,0,0,0,0,1,1,1
i8-80968,Джинсы бананы зауженные синие,538158130,Джинсы,I8-DENIM,31,741359930,Воронеж WB,3,3,3,3,3,2,2,2,1,1
i8-80968,Джинсы бананы зауженные синие,538158130,Джинсы,I8-DENIM,31,741359930,Котовск,2,0,0,0,0,0,0,0,0,0
i8-80968,Джинсы бананы зауженные синие,538158130,Джинсы,I8-DENIM,31,741359930,Невинномысск,4,4,4,4,4,4,4,4,4,4
i8-80968,Джинсы бананы зауженные синие,538158130,Джинсы,I8-DENIM,31,741359930,Новосемейкино,6,6,6,6,6,6,6,6,6,6
i8-80968,Джинсы бананы зауженные синие,538158130,Джинсы,I8-DENIM,31,741359930,Остальные,0,0,0,0,0,0,0,0,0,0
i8-80968,Джинсы бананы зауженные синие,538158130,Джинсы,I8-DENIM,31,741359930,Склад СПБ Шушары Московское,6,6,6,6,6,6,5,6,6,6
i8-80968,Джинсы бананы зауженные синие,538158130,Джинсы,I8-DENIM,31,741359930,Электросталь,9,0,0,0,9,9,9,9,9,9
i8-80968,Джинсы бананы зауженные синие,538158130,Джинсы,I8-DENIM,32,741359931,Владимир WB,1,1,1,1,1,1,1,1,1,1
i8-80968,Джинсы бананы зауженные синие,538158130,Джинсы,I8-DENIM,32,741359931,Волгоград,1,1,1,1,1,1,1,2,2,2
i8-80968,Джинсы бананы зауженные синие,538158130,Джинсы,I8-DENIM,32,741359931,Воронеж WB,1,1,0,0,0,0,0,0,0,0
i8-80968,Джинсы бананы зауженные синие,538158130,Джинсы,I8-DENIM,32,741359931,Екатеринбург - Перспективная 14,1,1,1,1,1,1,1,1,1,1
i8-80968,Джинсы бананы зауженные синие,538158130,Джинсы,I8-DENIM,32,741359931,Котовск,16,0,0,0,0,0,0,0,0,0
i8-80968,Джинсы бананы зауженные синие,538158130,Джинсы,I8-DENIM,32,741359931,Краснодар,8,8,8,8,8,8,8,8,8,8
i8-80968,Джинсы бананы зауженные синие,538158130,Джинсы,I8-DENIM,32,741359931,Невинномысск,6,6,6,6,6,6,6,6,6,6
i8-80968,Джинсы бананы зауженные синие,538158130,Джинсы,I8-DENIM,32,741359931,Новосемейкино,13,13,13,13,13,13,13,13,13,13
i8-80968,Джинсы бананы зауженные синие,538158130,Джинсы,I8-DENIM,32,741359931,Остальные,0,0,0,0,0,0,0,0,0,0
i8-80968,Джинсы бананы зауженные синие,538158130,Джинсы,I8-DENIM,32,741359931,Рязань (Тюшевское),1,1,1,1,1,1,1,1,1,1
i8-80968,Джинсы бананы зауженные синие,538158130,Джинсы,I8-DENIM,32,741359931,Склад СПБ Шушары Московское,7,7,7,7,7,7,7,7,7,7
i8-80968,Джинсы бананы зауженные синие,538158130,Джинсы,I8-DENIM,32,741359931,Тула,1,1,1,1,2,2,1,1,0,0
i8-80968,Джинсы бананы зауженные синие,538158130,Джинсы,I8-DENIM,32,741359931,Электросталь,10,0,0,0,10,10,10,10,10,10
i8-80968,Джинсы бананы зауженные синие,538158130,Джинсы,I8-DENIM,32,741359931,склад продавца Иркутск,0,0,0,0,0,0,0,0,0,0
i8-80968,Джинсы бананы зауженные синие,538158130,Джинсы,I8-DENIM,33,741359932,Владимир WB,0,0,0,1,1,1,1,1,0,0
i8-80968,Джинсы бананы зауженные синие,538158130,Джинсы,I8-DENIM,33,741359932,Волгоград,1,1,1,1,1,1,1,1,1,1
i8-80968,Джинсы бананы зауженные синие,538158130,Джинсы,I8-DENIM,33,741359932,Коледино,0,0,0,0,0,0,0,0,0,0
i8-80968,Джинсы бананы зауженные синие,538158130,Джинсы,I8-DENIM,33,741359932,Котовск,2,0,0,0,0,0,0,0,0,0
i8-80968,Джинсы бананы зауженные синие,538158130,Джинсы,I8-DENIM,33,741359932,Невинномысск,7,7,7,7,7,7,7,7,7,7
i8-80968,Джинсы бананы зауженные синие,538158130,Джинсы,I8-DENIM,33,741359932,Новосемейкино,2,2,2,2,2,2,2,2,2,2
i8-80968,Джинсы бананы зауженные синие,538158130,Джинсы,I8-DENIM,33,741359932,Остальные,0,0,0,0,0,0,0,0,0,0
i8-80968,Джинсы бананы зауженные синие,538158130,Джинсы,I8-DENIM,33,741359932,Рязань (Тюшевское),1,1,0,0,0,0,0,0,0,0
i8-80968,Джинсы бананы зауженные синие,538158130,Джинсы,I8-DENIM,33,741359932,Склад СПБ Шушары Московское,2,2,2,2,2,2,2,2,2,2
i8-80968,Джинсы бананы зауженные синие,538158130,Джинсы,I8-DENIM,33,741359932,Тула,1,1,1,1,1,1,1,1,0,0
i8-80968,Джинсы бананы зауженные синие,538158130,Джинсы,I8-DENIM,33,741359932,Электросталь,1,0,0,0,1,1,1,1,1,1
i8-80968,Джинсы бананы зауженные синие,538158130,Джинсы,I8-DENIM,33,741359932,склад продавца Иркутск,0,0,0,0,0,0,0,0,0,0
i8-80968,Джинсы бананы зауженные синие,538158130,Джинсы,I8-DENIM,34,741359933,Владимир WB,0,0,0,1,1,1,1,1,1,1
i8-80968,Джинсы бананы зауженные синие,538158130,Джинсы,I8-DENIM,34,741359933,Екатеринбург - Перспективная 14,1,1,1,1,1,1,0,0,0,0
i8-80968,Джинсы бананы зауженные синие,538158130,Джинсы,I8-DENIM,34,741359933,Коледино,0,1,1,1,1,2,1,1,1,1
i8-80968,Джинсы бананы зауженные синие,538158130,Джинсы,I8-DENIM,34,741359933,Новосемейкино,1,1,1,1,1,1,1,1,1,1
i8-80968,Джинсы бананы зауженные синие,538158130,Джинсы,I8-DENIM,34,741359933,Остальные,0,0,0,0,0,0,0,0,0,0
i8-80968,Джинсы бананы зауженные синие,538158130,Джинсы,I8-DENIM,34,741359933,Электросталь,0,0,0,0,0,0,0,0,0,0
i8-80968,Джинсы бананы зауженные синие,538158130,Джинсы,I8-DENIM,36,741359934,Владимир WB,0,0,1,1,1,1,1,0,0,0
i8-80968,Джинсы бананы зауженные синие,538158130,Джинсы,I8-DENIM,36,741359934,Невинномысск,2,2,2,2,2,2,2,2,2,2
i8-80968,Джинсы бананы зауженные синие,538158130,Джинсы,I8-DENIM,36,741359934,Новосемейкино,1,1,1,1,1,1,1,1,1,1
i8-80968,Джинсы бананы зауженные синие,538158130,Джинсы,I8-DENIM,36,741359934,Остальные,0,0,0,0,0,0,0,0,0,0
i8-80968,Джинсы бананы зауженные синие,538158130,Джинсы,I8-DENIM,36,741359934,СК Ереван,0,0,0,0,0,1,1,1,1,1
i8-80968,Джинсы бананы зауженные синие,538158130,Джинсы,I8-DENIM,36,741359934,Сарапул WB,1,1,1,1,1,1,1,1,1,1
i8-80968,Джинсы бананы зауженные синие,538158130,Джинсы,I8-DENIM,36,741359934,Склад СПБ Шушары Московское,1,1,0,0,0,0,0,0,0,0
i8-80968,Джинсы бананы зауженные синие,538158130,Джинсы,I8-DENIM,36,741359934,Тула,0,0,0,0,1,1,0,0,0,0
i8-80969,Джинсы бананы зауженные светлые,538158131,Джинсы,I8-DENIM,29,741359935,Воронеж WB,2,2,2,2,2,2,2,2,2,2
i8-80969,Джинсы бананы зауженные светлые,538158131,Джинсы,I8-DENIM,29,741359935,Екатеринбург - Перспективная 14,0,0,1,1,1,1,1,1,1,1
i8-80969,Джинсы бананы зауженные светлые,538158131,Джинсы,I8-DENIM,29,741359935,Невинномысск,4,3,3,3,3,3,3,3,3,3
i8-80969,Джинсы бананы зауженные светлые,538158131,Джинсы,I8-DENIM,29,741359935,Новосемейкино,2,2,2,2,2,2,2,2,2,2
i8-80969,Джинсы бананы зауженные светлые,538158131,Джинсы,I8-DENIM,29,741359935,Остальные,0,0,0,0,0,0,0,0,0,0
i8-80969,Джинсы бананы зауженные светлые,538158131,Джинсы,I8-DENIM,29,741359935,Рязань (Тюшевское),1,1,1,1,1,1,1,1,1,1
i8-80969,Джинсы бананы зауженные светлые,538158131,Джинсы,I8-DENIM,29,741359935,Сарапул WB,0,1,1,0,1,1,1,1,1,1
i8-80969,Джинсы бананы зауженные светлые,538158131,Джинсы,I8-DENIM,29,741359935,Склад СПБ Шушары Московское,2,2,2,2,2,2,2,2,2,2
i8-80969,Джинсы бананы зауженные светлые,538158131,Джинсы,I8-DENIM,29,741359935,Электросталь,7,0,0,0,7,7,7,7,7,7
i8-80969,Джинсы бананы зауженные светлые,538158131,Джинсы,I8-DENIM,30,741359936,Владимир WB,1,1,1,1,1,1,1,1,1,1
i8-80969,Джинсы бананы зауженные светлые,538158131,Джинсы,I8-DENIM,30,741359936,Екатеринбург - Перспективная 14,0,0,1,1,1,1,1,1,1,1
i8-80969,Джинсы бананы зауженные светлые,538158131,Джинсы,I8-DENIM,30,741359936,Казань,1,1,1,1,1,1,1,1,1,1
i8-80969,Джинсы бананы зауженные светлые,538158131,Джинсы,I8-DENIM,30,741359936,Котовск,3,0,0,0,0,0,0,0,0,0
i8-80969,Джинсы бананы зауженные светлые,538158131,Джинсы,I8-DENIM,30,741359936,Невинномысск,3,2,2,2,2,2,2,2,2,2
i8-80969,Джинсы бананы зауженные светлые,538158131,Джинсы,I8-DENIM,30,741359936,Новосемейкино,5,5,5,5,5,5,5,5,5,5
i8-80969,Джинсы бананы зауженные светлые,538158131,Джинсы,I8-DENIM,30,741359936,Остальные,0,0,0,0,0,0,0,0,0,0
i8-80969,Джинсы бананы зауженные светлые,538158131,Джинсы,I8-DENIM,30,741359936,Склад СПБ Шушары Московское,2,2,2,2,2,2,2,2,2,2
i8-80969,Джинсы бананы зауженные светлые,538158131,Джинсы,I8-DENIM,30,741359936,Электросталь,5,0,0,0,5,5,5,5,5,5
i8-80969,Джинсы бананы зауженные светлые,538158131,Джинсы,I8-DENIM,31,741359938,Владимир WB,0,0,0,0,1,1,1,1,1,1
i8-80969,Джинсы бананы зауженные светлые,538158131,Джинсы,I8-DENIM,31,741359938,Воронеж WB,1,1,1,1,1,1,1,1,1,1
i8-80969,Джинсы бананы зауженные светлые,538158131,Джинсы,I8-DENIM,31,741359938,Невинномысск,2,2,2,2,2,2,2,2,2,2
i8-80969,Джинсы бананы зауженные светлые,538158131,Джинсы,I8-DENIM,31,741359938,Новосемейкино,3,3,3,3,3,3,3,3,3,3
i8-80969,Джинсы бананы зауженные светлые,538158131,Джинсы,I8-DENIM,31,741359938,Остальные,0,0,0,0,0,0,0,0,0,0
i8-80969,Джинсы бананы зауженные светлые,538158131,Джинсы,I8-DENIM,31,741359938,Склад СПБ Шушары Московское,3,3,3,3,3,3,3,3,3,3
i8-80969,Джинсы бананы зауженные светлые,538158131,Джинсы,I8-DENIM,31,741359938,Тула,1,1,1,1,1,1,0,0,0,0
i8-80969,Джинсы бананы зауженные светлые,538158131,Джинсы,I8-DENIM,31,741359938,Электросталь,5,0,0,0,5,5,5,5,5,5
i8-80969,Джинсы бананы зауженные светлые,538158131,Джинсы,I8-DENIM,32,741359939,Владимир WB,0,0,0,0,0,1,1,1,1,1
i8-80969,Джинсы бананы зауженные светлые,538158131,Джинсы,I8-DENIM,32,741359939,Краснодар,1,1,1,1,1,1,1,1,1,1
i8-80969,Джинсы бананы зауженные светлые,538158131,Джинсы,I8-DENIM,32,741359939,Невинномысск,4,4,3,3,3,3,3,3,3,3
i8-80969,Джинсы бананы зауженные светлые,538158131,Джинсы,I8-DENIM,32,741359939,Новосемейкино,6,6,6,6,6,6,6,6,6,6
i8-80969,Джинсы бананы зауженные светлые,538158131,Джинсы,I8-DENIM,32,741359939,Склад СПБ Шушары Московское,3,3,3,3,3,3,3,3,3,3
i8-80969,Джинсы бананы зауженные светлые,538158131,Джинсы,I8-DENIM,32,741359939,Тула,1,0,0,0,0,0,0,0,0,0
i8-80969,Джинсы бананы зауженные светлые,538158131,Джинсы,I8-DENIM,32,741359939,Электросталь,13,0,0,0,13,13,13,13,13,13
i8-80969,Джинсы бананы зауженные светлые,538158131,Джинсы,I8-DENIM,33,741359940,Невинномысск,3,3,3,3,3,3,3,3,3,3
i8-80969,Джинсы бананы зауженные светлые,538158131,Джинсы,I8-DENIM,33,741359940,Новосемейкино,5,5,5,5,5,5,5,5,5,5
i8-80969,Джинсы бананы зауженные светлые,538158131,Джинсы,I8-DENIM,33,741359940,Склад СПБ Шушары Московское,2,2,2,2,2,2,2,2,2,2
i8-80969,Джинсы бананы зауженные светлые,538158131,Джинсы,I8-DENIM,33,741359940,Электросталь,5,0,0,0,5,5,5,5,5,5
i8-80969,Джинсы бананы зауженные светлые,538158131,Джинсы,I8-DENIM,34,741359943,Владимир WB,1,1,1,1,1,1,1,1,1,1
i8-80969,Джинсы бананы зауженные светлые,538158131,Джинсы,I8-DENIM,34,741359943,Волгоград,1,1,1,1,1,1,1,1,1,1
i8-80969,Джинсы бананы зауженные светлые,538158131,Джинсы,I8-DENIM,34,741359943,Казань,0,0,0,0,1,1,1,1,1,1
i8-80969,Джинсы бананы зауженные светлые,538158131,Джинсы,I8-DENIM,34,741359943,Коледино,1,1,1,1,1,1,1,1,1,1
i8-80969,Джинсы бананы зауженные светлые,538158131,Джинсы,I8-DENIM,34,741359943,Котовск,1,0,0,0,0,0,0,0,0,0
i8-80969,Джинсы бананы зауженные светлые,538158131,Джинсы,I8-DENIM,34,741359943,Невинномысск,2,2,2,2,2,2,2,2,2,2
i8-80969,Джинсы бананы зауженные светлые,538158131,Джинсы,I8-DENIM,34,741359943,Новосемейкино,1,1,1,1,1,1,0,0,0,0
i8-80969,Джинсы бананы зауженные светлые,538158131,Джинсы,I8-DENIM,34,741359943,Остальные,0,0,0,0,0,0,0,0,0,0
i8-80969,Джинсы бананы зауженные светлые,538158131,Джинсы,I8-DENIM,34,741359943,Склад СПБ Шушары Московское,1,1,1,1,1,1,1,1,1,1
i8-80969,Джинсы бананы зауженные светлые,538158131,Джинсы,I8-DENIM,36,741359945,Воронеж WB,1,1,1,1,1,1,1,1,1,1
i8-80969,Джинсы бананы зауженные светлые,538158131,Джинсы,I8-DENIM,36,741359945,Невинномысск,2,2,2,2,2,2,2,2,2,2
i8-80969,Джинсы бананы зауженные светлые,538158131,Джинсы,I8-DENIM,36,741359945,Новосемейкино,3,3,3,3,3,3,3,3,3,3
i8-80969,Джинсы бананы зауженные светлые,538158131,Джинсы,I8-DENIM,36,741359945,СК Тверь Эммаусское WB,1,1,1,1,1,1,1,1,1,1
i8-80969,Джинсы бананы зауженные светлые,538158131,Джинсы,I8-DENIM,36,741359945,Склад СПБ Шушары Московское,2,2,2,2,2,2,2,2,2,2
i8-80969,Джинсы бананы зауженные светлые,538158131,Джинсы,I8-DENIM,36,741359945,Электросталь,6,0,0,0,6,6,6,6,6,6
R-1055E,футболка поло белая Германия,974838162,Футболки,Respire,S,1460492196,Казань,4,4,4,4,4,4,4,4,4,4
R-1055E,футболка поло белая Германия,974838162,Футболки,Respire,M,1460492197,Казань,10,10,10,10,10,10,10,10,10,10
R-1055E,футболка поло белая Германия,974838162,Футболки,Respire,L,1460492198,Казань,5,5,5,5,5,5,5,5,5,5
R-1055E,футболка поло белая Германия,974838162,Футболки,Respire,XL,1460492199,Казань,4,4,4,4,4,4,4,4,4,4
R-1055E,футболка поло белая Германия,974838162,Футболки,Respire,XL,1460492199,Электросталь,1,0,0,0,1,1,1,1,1,1
R-1055S,футболка поло черная Германия,974838163,Футболки,Respire,S,1460492200,Казань,3,3,3,3,3,3,3,3,3,3
R-1055S,футболка поло черная Германия,974838163,Футболки,Respire,M,1460492201,Казань,8,8,8,8,8,8,8,8,8,8
R-1055S,футболка поло черная Германия,974838163,Футболки,Respire,M,1460492201,Краснодар,1,1,1,1,1,1,1,1,1,1
R-1055S,футболка поло черная Германия,974838163,Футболки,Respire,L,1460492202,Казань,3,3,3,3,3,3,3,3,3,3
R-1055S,футболка поло черная Германия,974838163,Футболки,Respire,L,1460492202,Краснодар,1,1,1,1,1,1,1,1,1,1
R-1055S,футболка поло черная Германия,974838163,Футболки,Respire,L,1460492202,Склад СПБ Шушары Московское,1,1,1,1,1,1,1,1,1,1
R-1055S,футболка поло черная Германия,974838163,Футболки,Respire,XL,1460492203,Казань,4,4,4,4,4,4,4,3,3,3
R-1056E,футболка поло белая Италия,974838164,Футболки,Respire,S,1460492204,Владимир WB,0,0,0,1,1,1,1,1,1,1
R-1056E,футболка поло белая Италия,974838164,Футболки,Respire,S,1460492204,Краснодар,1,1,1,0,0,1,1,1,1,1
R-1056E,футболка поло белая Италия,974838164,Футболки,Respire,S,1460492204,Остальные,0,0,0,0,0,0,0,0,0,0
R-1056E,футболка поло белая Италия,974838164,Футболки,Respire,M,1460492205,Владимир WB,0,0,0,1,1,1,1,1,1,1
R-1056E,футболка поло белая Италия,974838164,Футболки,Respire,M,1460492205,Воронеж WB,1,1,1,1,1,1,1,1,1,1
R-1056E,футболка поло белая Италия,974838164,Футболки,Respire,M,1460492205,Екатеринбург - Перспективная 14,0,0,1,1,1,1,1,1,1,1
R-1056E,футболка поло белая Италия,974838164,Футболки,Respire,M,1460492205,Казань,2,2,2,2,2,2,2,2,2,2
R-1056E,футболка поло белая Италия,974838164,Футболки,Respire,M,1460492205,Краснодар,2,2,2,2,2,2,2,2,2,2
R-1056E,футболка поло белая Италия,974838164,Футболки,Respire,L,1460492206,Краснодар,1,1,1,1,1,1,1,1,1,1
R-1056E,футболка поло белая Италия,974838164,Футболки,Respire,L,1460492206,Электросталь,1,0,0,0,1,1,1,1,1,1
R-1056E,футболка поло белая Италия,974838164,Футболки,Respire,XL,1460492207,Актобе,0,0,0,0,0,0,0,0,0,0
R-1056S,футболка поло черная Италия,974838165,Футболки,Respire,S,1460492208,Владимир WB,0,0,0,1,1,1,1,1,1,1
R-1056S,футболка поло черная Италия,974838165,Футболки,Respire,S,1460492208,Казань,4,4,4,4,4,4,4,4,4,4
R-1056S,футболка поло черная Италия,974838165,Футболки,Respire,M,1460492209,Владимир WB,0,0,0,1,1,1,1,1,1,1
R-1056S,футболка поло черная Италия,974838165,Футболки,Respire,M,1460492209,Казань,7,7,7,7,7,7,7,7,7,7
R-1056S,футболка поло черная Италия,974838165,Футболки,Respire,M,1460492209,Коледино,1,1,1,1,1,1,1,1,1,1
R-1056S,футболка поло черная Италия,974838165,Футболки,Respire,L,1460492210,Коледино,1,1,0,0,0,0,0,0,0,0
R-1056S,футболка поло черная Италия,974838165,Футболки,Respire,L,1460492210,Новосемейкино,0,0,1,1,1,0,0,0,0,0
R-1056S,футболка поло черная Италия,974838165,Футболки,Respire,L,1460492210,Остальные,0,0,0,0,0,0,0,0,0,0
R-1056S,футболка поло черная Италия,974838165,Футболки,Respire,XL,1460492211,Волгоград,1,1,1,1,1,1,1,1,1,1
R-1056S,футболка поло черная Италия,974838165,Футболки,Respire,XL,1460492211,Казань,2,2,2,2,2,2,1,0,0,0
R-1056S,футболка поло черная Италия,974838165,Футболки,Respire,XL,1460492211,Остальные,0,0,0,0,0,0,0,0,0,0
R-1057E,футболка поло белая Бразилия,974838166,Футболки,Respire,S,1460492212,Невинномысск,1,0,0,0,0,0,0,0,0,0
R-1057E,футболка поло белая Бразилия,974838166,Футболки,Respire,S,1460492212,Остальные,0,0,0,0,0,0,0,0,0,0
R-1057E,футболка поло белая Бразилия,974838166,Футболки,Respire,M,1460492213,Екатеринбург - Перспективная 14,0,0,0,0,1,1,1,1,1,1
R-1057E,футболка поло белая Бразилия,974838166,Футболки,Respire,M,1460492213,Казань,6,6,6,6,6,6,6,6,6,6
R-1057E,футболка поло белая Бразилия,974838166,Футболки,Respire,M,1460492213,Невинномысск,1,1,1,1,1,1,1,1,1,1
R-1057E,футболка поло белая Бразилия,974838166,Футболки,Respire,M,1460492213,Сарапул WB,0,0,0,0,0,1,1,1,1,1
R-1057E,футболка поло белая Бразилия,974838166,Футболки,Respire,L,1460492214,Атакент,1,1,1,1,1,1,1,1,1,1
R-1057E,футболка поло белая Бразилия,974838166,Футболки,Respire,L,1460492214,Волгоград,1,0,0,0,0,0,0,0,0,0
R-1057E,футболка поло белая Бразилия,974838166,Футболки,Respire,L,1460492214,Казань,0,0,0,0,0,0,0,0,0,0
R-1057E,футболка поло белая Бразилия,974838166,Футболки,Respire,L,1460492214,Остальные,0,0,0,0,0,0,0,0,0,0
R-1057E,футболка поло белая Бразилия,974838166,Футболки,Respire,L,1460492214,Тула,2,2,2,2,2,2,1,1,1,1
R-1057E,футболка поло белая Бразилия,974838166,Футболки,Respire,XL,1460492215,Атакент,1,0,0,0,0,0,0,0,0,0
R-1057E,футболка поло белая Бразилия,974838166,Футболки,Respire,XL,1460492215,Невинномысск,0,0,0,1,1,1,1,1,1,1
R-1057E,футболка поло белая Бразилия,974838166,Футболки,Respire,XL,1460492215,Остальные,0,0,0,0,0,0,0,0,0,0
R-1057S,футболка поло черная Бразилия,974838167,Футболки,Respire,M,1460492217,Волгоград,1,1,1,1,1,1,1,1,1,1
R-1057S,футболка поло черная Бразилия,974838167,Футболки,Respire,M,1460492217,Казань,6,6,6,6,6,6,6,6,6,6
R-1057S,футболка поло черная Бразилия,974838167,Футболки,Respire,M,1460492217,Краснодар,1,1,1,1,1,1,1,1,1,1
R-1057S,футболка поло черная Бразилия,974838167,Футболки,Respire,M,1460492217,Пенза WB,1,1,1,1,1,1,1,1,1,1
R-1057S,футболка поло черная Бразилия,974838167,Футболки,Respire,L,1460492218,Владимир WB,1,1,1,1,1,1,1,1,1,1
R-1057S,футболка поло черная Бразилия,974838167,Футболки,Respire,L,1460492218,Казань,4,4,4,4,4,4,4,4,4,4
R-1057S,футболка поло черная Бразилия,974838167,Футболки,Respire,L,1460492218,"Пятигорск, Этока",0,0,0,0,0,0,0,0,0,0
R-1057S,футболка поло черная Бразилия,974838167,Футболки,Respire,XL,1460492219,Казань,2,1,0,0,0,0,0,0,0,0
R-1057S,футболка поло черная Бразилия,974838167,Футболки,Respire,XL,1460492219,Новосемейкино,0,0,0,0,0,1,1,1,1,1
R-1058E,футболка поло белая Франция,974838168,Футболки,Respire,M,1460492221,Воронеж WB,0,0,0,0,0,0,0,0,0,0
R-1058E,футболка поло белая Франция,974838168,Футболки,Respire,M,1460492221,Коледино,0,1,1,0,0,0,0,0,0,0
R-1058E,футболка поло белая Франция,974838168,Футболки,Respire,M,1460492221,Краснодар,0,0,0,0,0,0,0,0,0,0
R-1058E,футболка поло белая Франция,974838168,Футболки,Respire,M,1460492221,Остальные,0,0,0,0,0,0,0,0,0,0
R-1058E,футболка поло белая Франция,974838168,Футболки,Respire,M,1460492221,Рязань (Тюшевское),0,0,0,0,0,0,0,0,0,0
R-1058E,футболка поло белая Франция,974838168,Футболки,Respire,L,1460492222,Екатеринбург - Перспективная 14,0,0,0,1,1,1,1,1,0,0
R-1058E,футболка поло белая Франция,974838168,Футболки,Respire,XL,1460492223,Котовск,0,0,0,0,0,0,0,0,0,0
R-1058E,футболка поло белая Франция,974838168,Футболки,Respire,XL,1460492223,Рязань (Тюшевское),0,0,0,0,0,0,0,0,1,1
R-1058E,футболка поло белая Франция,974838168,Футболки,Respire,XL,1460492223,Тула,0,0,0,0,1,1,0,0,0,0
R-1058S,футболка поло черная Франция,974838169,Футболки,Respire,S,1460492224,Владимир WB,0,0,0,1,1,1,1,1,1,1
R-1058S,футболка поло черная Франция,974838169,Футболки,Respire,S,1460492224,Казань,3,3,3,3,3,3,3,3,3,3
R-1058S,футболка поло черная Франция,974838169,Футболки,Respire,S,1460492224,Новосемейкино,1,1,1,1,1,1,1,1,1,1
R-1058S,футболка поло черная Франция,974838169,Футболки,Respire,M,1460492225,Казань,6,6,6,6,6,6,6,6,6,6
R-1058S,футболка поло черная Франция,974838169,Футболки,Respire,M,1460492225,Рязань (Тюшевское),0,0,1,1,1,1,1,1,1,1
R-1058S,футболка поло черная Франция,974838169,Футболки,Respire,M,1460492225,Сарапул WB,1,1,1,1,1,1,1,1,1,1
R-1058S,футболка поло черная Франция,974838169,Футболки,Respire,L,1460492226,Воронеж WB,1,1,1,1,1,1,1,1,1,1
R-1058S,футболка поло черная Франция,974838169,Футболки,Respire,L,1460492226,Коледино,0,0,0,0,1,0,0,0,0,0
R-1058S,футболка поло черная Франция,974838169,Футболки,Respire,L,1460492226,Остальные,0,0,0,0,0,0,0,0,0,0
R-1058S,футболка поло черная Франция,974838169,Футболки,Respire,L,1460492226,Электросталь,0,0,0,0,0,0,0,0,0,0
R-1058S,футболка поло черная Франция,974838169,Футболки,Respire,XL,1460492227,Казань,2,2,2,2,2,2,2,2,2,2
R-1058S,футболка поло черная Франция,974838169,Футболки,Respire,XL,1460492227,Новосемейкино,0,0,1,1,1,1,1,1,1,1
R-1058S,футболка поло черная Франция,974838169,Футболки,Respire,XL,1460492227,Тула,0,0,0,0,1,1,1,1,1,1
R-1059E,футболка поло белая Аргентина,974838170,Футболки,Respire,M,1460492229,Невинномысск,0,0,0,0,0,0,0,0,0,0
R-1059E,футболка поло белая Аргентина,974838170,Футболки,Respire,L,1460492230,Остальные,0,0,0,0,0,0,0,0,0,0
R-1059E,футболка поло белая Аргентина,974838170,Футболки,Respire,XL,1460492231,Остальные,0,0,0,0,0,0,0,0,0,0
R-1059S,футболка поло черная Аргентина,974838171,Футболки,Respire,S,1460492232,Новосемейкино,0,1,0,0,0,0,0,0,0,0
R-1059S,футболка поло черная Аргентина,974838171,Футболки,Respire,S,1460492232,Остальные,0,0,0,0,0,0,0,0,0,0
R-1059S,футболка поло черная Аргентина,974838171,Футболки,Respire,M,1460492233,Владимир WB,0,0,0,1,1,1,1,1,1,1
R-1059S,футболка поло черная Аргентина,974838171,Футболки,Respire,M,1460492233,Казань,0,0,0,0,0,0,0,0,0,0
R-1059S,футболка поло черная Аргентина,974838171,Футболки,Respire,M,1460492233,Коледино,0,0,0,0,0,0,0,0,0,0
R-1059S,футболка поло черная Аргентина,974838171,Футболки,Respire,M,1460492233,Остальные,0,0,0,0,0,0,0,0,0,0
R-1091F,футболка серая с принтом,974838172,Футболки,Respire,S,1460492236,Казань,3,3,3,3,3,3,3,3,3,3
R-1091F,футболка серая с принтом,974838172,Футболки,Respire,M,1460492237,Казань,6,6,6,6,6,6,6,6,6,6
R-1091F,футболка серая с принтом,974838172,Футболки,Respire,L,1460492238,Казань,1,1,1,1,1,1,1,1,1,1
R-1091F,футболка серая с принтом,974838172,Футболки,Respire,XL,1460492239,Казань,3,3,3,3,3,3,3,3,3,3
R-1091B,футболка голубая с принтом,974838173,Футболки,Respire,S,1460492240,Казань,3,3,3,3,3,3,3,3,3,3
R-1091B,футболка голубая с принтом,974838173,Футболки,Respire,M,1460492241,Казань,6,6,6,6,6,6,6,6,6,6
R-1091B,футболка голубая с принтом,974838173,Футболки,Respire,L,1460492242,Казань,3,3,3,3,3,3,3,3,3,3
R-1091B,футболка голубая с принтом,974838173,Футболки,Respire,XL,1460492243,Казань,3,3,3,3,3,3,3,3,3,3
R-1091E,футболка белая с принтом,974838174,Футболки,Respire,S,1460492244,Казань,5,5,5,5,5,5,5,5,5,5
R-1091E,футболка белая с принтом,974838174,Футболки,Respire,M,1460492245,Казань,10,10,10,10,10,10,10,10,10,10
R-1091E,футболка белая с принтом,974838174,Футболки,Respire,L,1460492246,Казань,5,5,5,5,5,5,5,5,5,5
R-1091E,футболка белая с принтом,974838174,Футболки,Respire,XL,1460492247,Казань,5,5,5,5,5,5,5,5,5,5
R-1091S,футболка с принтом черная,974838175,Футболки,Respire,S,1460492248,Казань,5,5,5,5,5,5,5,5,5,5
R-1091S,футболка с принтом черная,974838175,Футболки,Respire,M,1460492249,Казань,10,10,10,10,10,10,10,10,10,10
R-1091S,футболка с принтом черная,974838175,Футболки,Respire,L,1460492250,Волгоград,0,0,0,0,0,1,1,1,1,1
R-1091S,футболка с принтом черная,974838175,Футболки,Respire,L,1460492250,Казань,4,4,4,4,4,4,4,4,4,4
R-1091S,футболка с принтом черная,974838175,Футболки,Respire,XL,1460492251,Казань,5,5,5,5,5,5,5,5,5,5
R-1098B,футболка бордовая оверсайз с принтом Зидана,974838176,Футболки,Respire,S,1460492252,Волгоград,1,1,1,1,1,1,1,1,1,1
R-1098B,футболка бордовая оверсайз с принтом Зидана,974838176,Футболки,Respire,S,1460492252,Казань,2,2,2,2,2,2,2,2,2,2
R-1098B,футболка бордовая оверсайз с принтом Зидана,974838176,Футболки,Respire,M,1460492253,Волгоград,1,1,1,1,1,1,1,1,1,1
R-1098B,футболка бордовая оверсайз с принтом Зидана,974838176,Футболки,Respire,M,1460492253,Казань,4,4,4,4,4,4,4,4,4,4
R-1098B,футболка бордовая оверсайз с принтом Зидана,974838176,Футболки,Respire,M,1460492253,Сарапул WB,1,1,1,1,1,1,1,1,1,1
R-1098B,футболка бордовая оверсайз с принтом Зидана,974838176,Футболки,Respire,L,1460492254,Казань,3,3,3,3,3,3,3,3,3,3
R-1098B,футболка бордовая оверсайз с принтом Зидана,974838176,Футболки,Respire,XL,1460492255,Казань,3,3,3,3,3,3,3,3,3,3
R-1098L,футболка синяя оверсайз с принтом Зидана,974838177,Футболки,Respire,S,1460492256,Екатеринбург - Перспективная 14,1,1,1,1,1,1,1,1,1,1
R-1098L,футболка синяя оверсайз с принтом Зидана,974838177,Футболки,Respire,S,1460492256,Казань,2,2,2,2,2,2,2,2,2,2
R-1098L,футболка синяя оверсайз с принтом Зидана,974838177,Футболки,Respire,M,1460492257,Екатеринбург - Перспективная 14,1,1,1,1,1,1,1,1,1,1
R-1098L,футболка синяя оверсайз с принтом Зидана,974838177,Футболки,Respire,M,1460492257,Казань,5,5,5,5,5,5,5,5,5,5
R-1098L,футболка синяя оверсайз с принтом Зидана,974838177,Футболки,Respire,L,1460492258,Казань,3,3,3,3,3,3,3,3,3,3
R-1098L,футболка синяя оверсайз с принтом Зидана,974838177,Футболки,Respire,XL,1460492259,Казань,1,1,1,1,1,1,1,1,1,1
R-1098L,футболка синяя оверсайз с принтом Зидана,974838177,Футболки,Respire,XL,1460492259,Новосемейкино,1,1,1,1,1,1,1,1,1,1
R-1098E,футболка белая оверсайз с принтом Зидана,974838178,Футболки,Respire,S,1460492260,Казань,5,5,5,5,5,5,5,5,5,5
R-1098E,футболка белая оверсайз с принтом Зидана,974838178,Футболки,Respire,M,1460492261,Казань,11,11,11,11,11,11,11,11,11,11
R-1098E,футболка белая оверсайз с принтом Зидана,974838178,Футболки,Respire,L,1460492262,Казань,5,5,5,5,5,5,5,5,5,5
R-1098E,футболка белая оверсайз с принтом Зидана,974838178,Футболки,Respire,XL,1460492263,Казань,5,5,5,5,5,5,5,5,5,5
R-1098E,футболка белая оверсайз с принтом Зидана,974838178,Футболки,Respire,XL,1460492263,Краснодар,1,1,1,1,1,1,1,1,1,1
R-1098S,футболка черная оверсайз с принтом Зидана,974838179,Футболки,Respire,S,1460492264,Казань,3,3,3,3,3,3,3,3,3,3
R-1098S,футболка черная оверсайз с принтом Зидана,974838179,Футболки,Respire,S,1460492264,Невинномысск,1,1,1,1,1,1,1,1,1,1
R-1098S,футболка черная оверсайз с принтом Зидана,974838179,Футболки,Respire,S,1460492264,Склад СПБ Шушары Московское,1,1,1,1,1,1,1,1,1,1
R-1098S,футболка черная оверсайз с принтом Зидана,974838179,Футболки,Respire,M,1460492265,Казань,10,10,10,10,10,10,10,10,10,10
R-1098S,футболка черная оверсайз с принтом Зидана,974838179,Футболки,Respire,L,1460492266,Воронеж WB,1,1,1,1,1,1,1,1,1,1
R-1098S,футболка черная оверсайз с принтом Зидана,974838179,Футболки,Respire,L,1460492266,Екатеринбург - Перспективная 14,1,1,1,1,1,1,1,1,1,1
R-1098S,футболка черная оверсайз с принтом Зидана,974838179,Футболки,Respire,L,1460492266,Казань,3,3,3,3,3,3,3,3,3,3
R-1098S,футболка черная оверсайз с принтом Зидана,974838179,Футболки,Respire,L,1460492266,Краснодар,0,0,0,0,1,1,1,1,1,1
R-1098S,футболка черная оверсайз с принтом Зидана,974838179,Футболки,Respire,L,1460492266,Новосемейкино,1,1,1,1,1,1,1,1,1,1
R-1098S,футболка черная оверсайз с принтом Зидана,974838179,Футболки,Respire,XL,1460492267,Казань,4,4,4,4,4,4,4,4,4,4
R-1104S,футболка черная с принтом,974838180,Футболки,Respire,S,1460492268,Казань,3,3,3,3,3,3,3,3,3,3
R-1104S,футболка черная с принтом,974838180,Футболки,Respire,S,1460492268,Краснодар,1,1,1,1,1,1,1,1,1,1
R-1104S,футболка черная с принтом,974838180,Футболки,Respire,M,1460492269,Казань,10,10,10,10,10,10,10,10,10,10
R-1104S,футболка черная с принтом,974838180,Футболки,Respire,L,1460492270,Казань,5,5,5,5,5,5,5,5,5,5
R-1104S,футболка черная с принтом,974838180,Футболки,Respire,XL,1460492271,Казань,5,5,5,5,5,5,5,5,5,5
R-1104E,футболка белая с принтом,974838181,Футболки,Respire,S,1460492272,Казань,5,5,5,5,5,5,5,5,5,5
R-1104E,футболка белая с принтом,974838181,Футболки,Respire,M,1460492273,Казань,8,8,8,8,8,8,8,8,8,8
R-1104E,футболка белая с принтом,974838181,Футболки,Respire,M,1460492273,Электросталь,1,0,0,0,1,1,1,1,1,1
R-1104E,футболка белая с принтом,974838181,Футболки,Respire,L,1460492274,Екатеринбург - Перспективная 14,2,2,2,2,2,2,2,2,2,2
R-1104E,футболка белая с принтом,974838181,Футболки,Respire,L,1460492274,Казань,2,2,2,2,2,2,2,2,2,2
R-1104E,футболка белая с принтом,974838181,Футболки,Respire,XL,1460492275,Екатеринбург - Перспективная 14,1,1,1,1,1,1,1,1,1,1
R-1104E,футболка белая с принтом,974838181,Футболки,Respire,XL,1460492275,Казань,3,3,3,3,3,3,3,3,3,3
R-1104E,футболка белая с принтом,974838181,Футболки,Respire,XL,1460492275,Краснодар,1,1,1,1,1,1,1,1,1,1
R-1104B,футболка голубая с принтом,974838182,Футболки,Respire,S,1460492276,Казань,1,1,1,1,1,1,1,1,1,1
R-1104B,футболка голубая с принтом,974838182,Футболки,Respire,M,1460492277,Владимир WB,1,1,1,1,1,1,1,1,1,1
R-1104B,футболка голубая с принтом,974838182,Футболки,Respire,M,1460492277,Казань,4,4,4,4,4,4,4,4,4,4
R-1104B,футболка голубая с принтом,974838182,Футболки,Respire,L,1460492278,Казань,3,3,3,3,3,3,3,3,3,3
i8-81330,Джинсы Багги светло-голубые,1003036750,Джинсы,I8-DENIM,29,1499184063,Владимир WB,0,0,0,0,0,0,1,1,1,1
i8-81330,Джинсы Багги светло-голубые,1003036750,Джинсы,I8-DENIM,29,1499184063,Екатеринбург - Перспективная 14,0,0,0,0,0,0,1,1,1,1
i8-81330,Джинсы Багги светло-голубые,1003036750,Джинсы,I8-DENIM,29,1499184063,Электросталь,7,0,0,0,7,7,7,7,7,7
i8-81330,Джинсы Багги светло-голубые,1003036750,Джинсы,I8-DENIM,30,1499184064,Остальные,0,0,0,0,0,0,0,0,0,0
i8-81330,Джинсы Багги светло-голубые,1003036750,Джинсы,I8-DENIM,30,1499184064,Электросталь,8,0,0,0,8,8,8,8,8,8
i8-81330,Джинсы Багги светло-голубые,1003036750,Джинсы,I8-DENIM,31,1499184065,Воронеж WB,1,1,1,1,1,1,1,1,1,1
i8-81330,Джинсы Багги светло-голубые,1003036750,Джинсы,I8-DENIM,31,1499184065,Остальные,0,0,0,0,0,0,0,0,0,0
i8-81330,Джинсы Багги светло-голубые,1003036750,Джинсы,I8-DENIM,31,1499184065,Электросталь,6,0,0,0,6,6,6,6,6,6
i8-81330,Джинсы Багги светло-голубые,1003036750,Джинсы,I8-DENIM,32,1499184066,Казань,1,1,1,1,1,1,1,1,1,1
i8-81330,Джинсы Багги светло-голубые,1003036750,Джинсы,I8-DENIM,32,1499184066,Электросталь,14,0,0,0,14,14,14,14,14,14
i8-81330,Джинсы Багги светло-голубые,1003036750,Джинсы,I8-DENIM,33,1499184067,Краснодар,0,0,0,1,1,1,1,1,1,1
i8-81330,Джинсы Багги светло-голубые,1003036750,Джинсы,I8-DENIM,33,1499184067,Электросталь,9,0,0,0,9,9,9,9,9,9
i8-81330,Джинсы Багги светло-голубые,1003036750,Джинсы,I8-DENIM,34,1499184068,Новосемейкино,1,1,1,1,1,1,1,1,1,1
i8-81330,Джинсы Багги светло-голубые,1003036750,Джинсы,I8-DENIM,34,1499184068,Электросталь,8,0,0,0,8,8,8,8,8,8
i8-81330,Джинсы Багги светло-голубые,1003036750,Джинсы,I8-DENIM,36,1499184069,Коледино,0,0,1,1,1,1,1,1,1,1
i8-81330,Джинсы Багги светло-голубые,1003036750,Джинсы,I8-DENIM,36,1499184069,Краснодар,1,1,1,1,1,1,1,1,1,1
i8-81330,Джинсы Багги светло-голубые,1003036750,Джинсы,I8-DENIM,36,1499184069,Электросталь,7,0,0,0,7,7,7,7,7,7
i8-81048,Джинсы Прямые черные,1003036751,Джинсы,I8-DENIM,30,1499184070,Электросталь,7,0,0,0,7,7,7,7,7,7
i8-81048,Джинсы Прямые черные,1003036751,Джинсы,I8-DENIM,31,1499184071,Электросталь,9,0,0,0,9,9,9,9,9,9
i8-81048,Джинсы Прямые черные,1003036751,Джинсы,I8-DENIM,32,1499184072,Электросталь,14,0,0,0,14,14,14,14,14,14
i8-81048,Джинсы Прямые черные,1003036751,Джинсы,I8-DENIM,33,1499184073,Невинномысск,0,0,0,1,1,1,1,1,1,1
i8-81048,Джинсы Прямые черные,1003036751,Джинсы,I8-DENIM,33,1499184073,Электросталь,20,0,0,0,20,20,20,20,20,20
i8-81048,Джинсы Прямые черные,1003036751,Джинсы,I8-DENIM,34,1499184074,Склад СПБ Шушары Московское,1,1,1,1,1,0,0,1,1,1
i8-81048,Джинсы Прямые черные,1003036751,Джинсы,I8-DENIM,34,1499184074,Электросталь,18,0,0,0,18,18,18,18,18,18
i8-81048,Джинсы Прямые черные,1003036751,Джинсы,I8-DENIM,36,1499184075,Тула,1,1,1,1,1,1,1,1,1,1
i8-81048,Джинсы Прямые черные,1003036751,Джинсы,I8-DENIM,36,1499184075,Электросталь,11,0,0,0,11,11,11,11,11,11
i8-81048,Джинсы Прямые черные,1003036751,Джинсы,I8-DENIM,38,1499184076,Электросталь,8,0,0,0,8,8,8,8,8,8
i8-81048,Джинсы Прямые черные,1003036751,Джинсы,I8-DENIM,40,1499184077,Электросталь,7,0,0,0,7,7,7,7,7,7
i8-81305,Джинсы Багги серо-коричневые,1003036752,Джинсы,I8-DENIM,29,1499184078,Электросталь,4,0,0,0,4,4,4,4,4,4
i8-81305,Джинсы Багги серо-коричневые,1003036752,Джинсы,I8-DENIM,30,1499184079,Электросталь,4,0,0,0,4,4,4,4,4,4
i8-81305,Джинсы Багги серо-коричневые,1003036752,Джинсы,I8-DENIM,31,1499184080,Коледино,1,1,1,1,1,1,1,1,1,1
i8-81305,Джинсы Багги серо-коричневые,1003036752,Джинсы,I8-DENIM,31,1499184080,СК Тверь Эммаусское WB,1,1,1,1,1,1,1,1,1,1
i8-81305,Джинсы Багги серо-коричневые,1003036752,Джинсы,I8-DENIM,31,1499184080,Электросталь,3,0,0,0,3,3,3,3,3,3
i8-81305,Джинсы Багги серо-коричневые,1003036752,Джинсы,I8-DENIM,32,1499184081,Рязань (Тюшевское),0,0,0,0,0,0,0,0,1,1
i8-81305,Джинсы Багги серо-коричневые,1003036752,Джинсы,I8-DENIM,32,1499184081,Электросталь,9,0,0,0,9,9,9,9,9,9
i8-81305,Джинсы Багги серо-коричневые,1003036752,Джинсы,I8-DENIM,33,1499184082,Электросталь,4,0,0,0,4,4,4,4,4,4
i8-81305,Джинсы Багги серо-коричневые,1003036752,Джинсы,I8-DENIM,34,1499184083,Коледино,1,1,1,1,1,1,1,1,1,1
i8-81305,Джинсы Багги серо-коричневые,1003036752,Джинсы,I8-DENIM,34,1499184083,Электросталь,3,0,0,0,3,3,3,3,3,3
i8-81305,Джинсы Багги серо-коричневые,1003036752,Джинсы,I8-DENIM,36,1499184084,Остальные,0,0,0,0,0,0,0,0,0,0
i8-81305,Джинсы Багги серо-коричневые,1003036752,Джинсы,I8-DENIM,36,1499184084,Электросталь,3,0,0,0,3,3,3,3,3,3
i8-81306,Джинсы Багги коричневые,1003036753,Джинсы,I8-DENIM,29,1499184085,Владимир WB,0,0,0,0,0,0,1,1,1,1
i8-81306,Джинсы Багги коричневые,1003036753,Джинсы,I8-DENIM,29,1499184085,Рязань (Тюшевское),1,0,0,0,0,0,0,0,0,0
i8-81306,Джинсы Багги коричневые,1003036753,Джинсы,I8-DENIM,29,1499184085,Тула,0,0,0,0,0,0,0,0,1,1
i8-81306,Джинсы Багги коричневые,1003036753,Джинсы,I8-DENIM,29,1499184085,Электросталь,2,0,0,0,2,2,2,2,2,2
i8-81306,Джинсы Багги коричневые,1003036753,Джинсы,I8-DENIM,30,1499184086,Склад СПБ Шушары Московское,1,1,1,1,1,1,1,1,1,1
i8-81306,Джинсы Багги коричневые,1003036753,Джинсы,I8-DENIM,30,1499184086,Электросталь,2,0,0,0,2,2,2,2,2,2
i8-81306,Джинсы Багги коричневые,1003036753,Джинсы,I8-DENIM,31,1499184087,Казань,0,0,0,0,0,1,1,1,1,1
i8-81306,Джинсы Багги коричневые,1003036753,Джинсы,I8-DENIM,31,1499184087,Остальные,0,0,0,0,0,0,0,0,0,0
i8-81306,Джинсы Багги коричневые,1003036753,Джинсы,I8-DENIM,31,1499184087,Рязань (Тюшевское),0,0,0,0,0,0,0,0,1,1
i8-81306,Джинсы Багги коричневые,1003036753,Джинсы,I8-DENIM,31,1499184087,Тула,0,1,1,1,1,0,0,0,0,0
i8-81306,Джинсы Багги коричневые,1003036753,Джинсы,I8-DENIM,32,1499184088,Краснодар,1,1,1,1,1,1,1,1,1,1
i8-81306,Джинсы Багги коричневые,1003036753,Джинсы,I8-DENIM,32,1499184088,Остальные,0,0,0,0,0,0,0,0,0,0
i8-81306,Джинсы Багги коричневые,1003036753,Джинсы,I8-DENIM,32,1499184088,Электросталь,4,0,0,0,4,4,4,4,4,4
i8-81306,Джинсы Багги коричневые,1003036753,Джинсы,I8-DENIM,33,1499184089,Владимир WB,1,1,1,1,1,1,1,1,1,1
i8-81306,Джинсы Багги коричневые,1003036753,Джинсы,I8-DENIM,33,1499184089,Екатеринбург - Перспективная 14,0,0,2,2,2,2,2,2,2,2
i8-81306,Джинсы Багги коричневые,1003036753,Джинсы,I8-DENIM,33,1499184089,Краснодар,1,1,1,1,1,1,1,1,1,1
i8-81306,Джинсы Багги коричневые,1003036753,Джинсы,I8-DENIM,33,1499184089,Пушкино,0,0,0,0,0,0,0,0,0,0
i8-81306,Джинсы Багги коричневые,1003036753,Джинсы,I8-DENIM,33,1499184089,Тула,0,0,1,1,1,1,0,0,0,0
i8-81306,Джинсы Багги коричневые,1003036753,Джинсы,I8-DENIM,34,1499184090,Коледино,0,1,1,1,1,1,0,0,0,0
i8-81306,Джинсы Багги коричневые,1003036753,Джинсы,I8-DENIM,36,1499184091,Краснодар,1,1,1,1,1,1,1,1,1,1
i8-81306,Джинсы Багги коричневые,1003036753,Джинсы,I8-DENIM,36,1499184091,Остальные,0,0,0,0,0,0,0,0,0,0
i8-81306,Джинсы Багги коричневые,1003036753,Джинсы,I8-DENIM,36,1499184091,Электросталь,2,0,0,0,2,2,2,2,2,2
i8-81123,Джинсы Прямые черные,1003036754,Джинсы,I8-DENIM,30,1499184092,Электросталь,9,0,0,0,9,9,9,9,9,9
i8-81123,Джинсы Прямые черные,1003036754,Джинсы,I8-DENIM,31,1499184093,Электросталь,8,0,0,0,8,8,8,8,8,8
i8-81123,Джинсы Прямые черные,1003036754,Джинсы,I8-DENIM,32,1499184094,Электросталь,10,0,0,0,10,10,10,10,10,10
i8-81123,Джинсы Прямые черные,1003036754,Джинсы,I8-DENIM,33,1499184095,Невинномысск,1,1,1,1,1,1,1,1,1,1
i8-81123,Джинсы Прямые черные,1003036754,Джинсы,I8-DENIM,33,1499184095,Электросталь,15,0,0,0,15,15,15,15,15,15
i8-81123,Джинсы Прямые черные,1003036754,Джинсы,I8-DENIM,34,1499184096,Невинномысск,1,1,1,1,1,1,1,1,1,1
i8-81123,Джинсы Прямые черные,1003036754,Джинсы,I8-DENIM,34,1499184096,Электросталь,17,0,0,0,17,17,17,17,17,17
i8-81123,Джинсы Прямые черные,1003036754,Джинсы,I8-DENIM,36,1499184097,Владимир WB,0,0,0,0,1,0,0,0,0,0
i8-81123,Джинсы Прямые черные,1003036754,Джинсы,I8-DENIM,36,1499184097,Остальные,0,0,0,0,0,0,0,0,0,0
i8-81123,Джинсы Прямые черные,1003036754,Джинсы,I8-DENIM,36,1499184097,Электросталь,7,0,0,0,7,7,7,7,7,7
i8-81123,Джинсы Прямые черные,1003036754,Джинсы,I8-DENIM,38,1499184098,Электросталь,7,0,0,0,7,7,7,7,7,7
i8-81123,Джинсы Прямые черные,1003036754,Джинсы,I8-DENIM,40,1499184099,Электросталь,8,0,0,0,8,8,8,8,8,8
i8-81329,Джинсы Багги голубые,1003036755,Джинсы,I8-DENIM,29,1499184100,Электросталь,9,0,0,0,9,9,9,9,9,9
i8-81329,Джинсы Багги голубые,1003036755,Джинсы,I8-DENIM,30,1499184101,Екатеринбург - Перспективная 14,0,0,0,0,0,0,0,1,1,1
i8-81329,Джинсы Багги голубые,1003036755,Джинсы,I8-DENIM,30,1499184101,Электросталь,7,0,0,0,7,7,7,7,7,7
i8-81329,Джинсы Багги голубые,1003036755,Джинсы,I8-DENIM,31,1499184102,Электросталь,7,0,0,0,7,7,7,7,7,7
i8-81329,Джинсы Багги голубые,1003036755,Джинсы,I8-DENIM,32,1499184103,Владимир WB,0,0,0,0,1,1,1,1,1,1
i8-81329,Джинсы Багги голубые,1003036755,Джинсы,I8-DENIM,32,1499184103,Коледино,0,0,1,1,1,1,1,1,1,1
i8-81329,Джинсы Багги голубые,1003036755,Джинсы,I8-DENIM,32,1499184103,СК Тверь Эммаусское WB,1,1,1,1,1,1,1,1,1,1
i8-81329,Джинсы Багги голубые,1003036755,Джинсы,I8-DENIM,32,1499184103,Электросталь,12,0,0,0,12,12,12,12,12,12
i8-81329,Джинсы Багги голубые,1003036755,Джинсы,I8-DENIM,33,1499184104,Казань,1,1,1,1,1,1,1,1,1,1
i8-81329,Джинсы Багги голубые,1003036755,Джинсы,I8-DENIM,33,1499184104,Электросталь,8,0,0,0,8,8,8,8,8,8
i8-81329,Джинсы Багги голубые,1003036755,Джинсы,I8-DENIM,34,1499184105,Казань,1,1,1,1,0,0,0,0,0,0
i8-81329,Джинсы Багги голубые,1003036755,Джинсы,I8-DENIM,34,1499184105,Электросталь,8,0,0,0,8,8,8,8,8,8
i8-81329,Джинсы Багги голубые,1003036755,Джинсы,I8-DENIM,36,1499184106,Электросталь,10,0,0,0,10,10,10,10,10,10
i8-81047,Джинсы Прямые синие,1003036756,Джинсы,I8-DENIM,30,1499184107,Коледино,1,1,1,1,1,1,1,1,1,1
i8-81047,Джинсы Прямые синие,1003036756,Джинсы,I8-DENIM,30,1499184107,Электросталь,7,0,0,0,7,7,7,7,7,7
i8-81047,Джинсы Прямые синие,1003036756,Джинсы,I8-DENIM,31,1499184108,Коледино,2,2,2,2,2,2,2,2,2,2
i8-81047,Джинсы Прямые синие,1003036756,Джинсы,I8-DENIM,31,1499184108,Электросталь,8,0,0,0,8,8,8,8,8,8
i8-81047,Джинсы Прямые синие,1003036756,Джинсы,I8-DENIM,32,1499184109,Остальные,0,0,0,0,0,0,0,0,0,0
i8-81047,Джинсы Прямые синие,1003036756,Джинсы,I8-DENIM,32,1499184109,Тула,1,1,1,1,1,1,0,0,0,0
i8-81047,Джинсы Прямые синие,1003036756,Джинсы,I8-DENIM,32,1499184109,Электросталь,17,0,0,0,17,17,17,17,17,17
i8-81047,Джинсы Прямые синие,1003036756,Джинсы,I8-DENIM,33,1499184110,Екатеринбург - Перспективная 14,1,1,1,1,1,1,1,1,1,1
i8-81047,Джинсы Прямые синие,1003036756,Джинсы,I8-DENIM,33,1499184110,Коледино,1,1,1,1,1,1,1,1,1,1
i8-81047,Джинсы Прямые синие,1003036756,Джинсы,I8-DENIM,33,1499184110,Электросталь,9,0,0,0,9,9,9,9,9,9
i8-81047,Джинсы Прямые синие,1003036756,Джинсы,I8-DENIM,34,1499184111,Екатеринбург - Перспективная 14,1,1,1,1,1,1,1,1,1,1
i8-81047,Джинсы Прямые синие,1003036756,Джинсы,I8-DENIM,34,1499184111,Электросталь,23,0,0,0,23,23,23,23,23,23
i8-81047,Джинсы Прямые синие,1003036756,Джинсы,I8-DENIM,36,1499184112,Электросталь,5,0,0,0,5,5,5,5,5,5
i8-81047,Джинсы Прямые синие,1003036756,Джинсы,I8-DENIM,38,1499184113,Электросталь,8,0,0,0,8,8,8,8,8,8
i8-81047,Джинсы Прямые синие,1003036756,Джинсы,I8-DENIM,40,1499184114,Электросталь,7,0,0,0,7,7,7,7,7,7
i8-810471,Джинсы Прямые синие,1003036757,Джинсы,I8-DENIM,30,1499184115,Электросталь,7,0,0,0,7,7,7,7,7,7
i8-810471,Джинсы Прямые синие,1003036757,Джинсы,I8-DENIM,31,1499184116,Электросталь,15,0,0,0,15,15,15,15,15,15
i8-810471,Джинсы Прямые синие,1003036757,Джинсы,I8-DENIM,32,1499184117,Электросталь,20,0,0,0,20,20,20,20,20,20
i8-810471,Джинсы Прямые синие,1003036757,Джинсы,I8-DENIM,33,1499184118,Электросталь,13,0,0,0,13,13,13,13,13,13
i8-810471,Джинсы Прямые синие,1003036757,Джинсы,I8-DENIM,34,1499184119,Сарапул WB,1,1,1,1,1,1,1,1,1,1
i8-810471,Джинсы Прямые синие,1003036757,Джинсы,I8-DENIM,34,1499184119,Электросталь,27,0,0,0,27,27,27,27,27,27
i8-810471,Джинсы Прямые синие,1003036757,Джинсы,I8-DENIM,36,1499184120,Новосемейкино,1,1,1,1,1,1,1,1,1,1
i8-810471,Джинсы Прямые синие,1003036757,Джинсы,I8-DENIM,36,1499184120,Электросталь,7,0,0,0,7,7,7,7,7,7
i8-810471,Джинсы Прямые синие,1003036757,Джинсы,I8-DENIM,38,1499184121,Электросталь,9,0,0,0,9,9,9,9,9,9
i8-810471,Джинсы Прямые синие,1003036757,Джинсы,I8-DENIM,40,1499184122,Электросталь,8,0,0,0,8,8,8,8,8,8
